<IoDescription ProjectPath="V:\Berger\PR20170144_UEbergeordnete_Steuerung_Flammpyrolyse\CPU\Pyro\Physical\CP1382\X20CP1382\SafeLOGIC-1"><GROUPS><IOGroup Name="Safe Inputs" Type="SafeInput" Address="0" Size="0" GroupID="1"/><IOGroup Name="Safe Outputs" Type="SafeOutput" Address="0" Size="0" GroupID="2"/><IOGroup Name="Standard Inputs" Type="Input" Address="0" Size="0" GroupID="3"/><IOGroup Name="Standard Outputs" Type="Output" Address="0" Size="0" GroupID="4"/><IOGroup Name="Device Diagnostic Inputs" Type="DeviceDiagInput" Address="0" Size="0" GroupID="5"/><IOGroup Name="Device Diagnostic Outputs" Type="DeviceDiagOutput" Address="0" Size="0" GroupID="6"/><IOGroup Name="FB Diagnostic Outputs" Type="FBDiagOutput" Address="0" Size="0" GroupID="7"/></GROUPS><SIMIOS><SIMIO Name="iReqGuardLock1" AddrOffset="0" BitPos="0" GroupID="3" DataType="BOOL" DataLength="1" Description="Anforderung Zuhaltung öffnen" Terminal="SL1.SM1.BOOL101"/><SIMIO Name="iReqGuardLock2" AddrOffset="0" BitPos="1" GroupID="3" DataType="BOOL" DataLength="1" Description="Anforderung Zuhaltung öffnen" Terminal="SL1.SM1.BOOL102"/><SIMIO Name="iRelFireBurner" AddrOffset="0" BitPos="2" GroupID="3" DataType="BOOL" DataLength="1" Description="Freigabe Brenner Zünden" Terminal="SL1.SM1.BOOL103"/><SIMIO Name="oSafeLogicRun" AddrOffset="0" BitPos="0" GroupID="4" DataType="BOOL" DataLength="1" Description="Safelogic läuft" Terminal="SL1.SM1.BOOL001"/><SIMIO Name="oInfoEmStopSS1" AddrOffset="0" BitPos="1" GroupID="4" DataType="BOOL" DataLength="1" Description="Nothalt SS1" Terminal="SL1.SM1.BOOL002"/><SIMIO Name="oInfoEmStopBurner" AddrOffset="0" BitPos="2" GroupID="4" DataType="BOOL" DataLength="1" Description="Nothalt Brenner" Terminal="SL1.SM1.BOOL003"/><SIMIO Name="oInfoEmStopEuroMac" AddrOffset="0" BitPos="3" GroupID="4" DataType="BOOL" DataLength="1" Description="Nothalt Euromac" Terminal="SL1.SM1.BOOL004"/><SIMIO Name="oInfoClosedGuardLock1" AddrOffset="0" BitPos="4" GroupID="4" DataType="BOOL" DataLength="1" Description="Zuhaltung 1 geschlossen" Terminal="SL1.SM1.BOOL005"/><SIMIO Name="oInfoClosedGuardLock2" AddrOffset="0" BitPos="5" GroupID="4" DataType="BOOL" DataLength="1" Description="Zuhaltung 2 geschlossen" Terminal="SL1.SM1.BOOL006"/><SIMIO Name="oInfoSafetyOk" AddrOffset="0" BitPos="6" GroupID="4" DataType="BOOL" DataLength="1" Description="Sicherheit OK" Terminal="SL1.SM1.BOOL007"/><SIMIO Name="oInfoGuardLockLight1" AddrOffset="0" BitPos="7" GroupID="4" DataType="BOOL" DataLength="1" Description="Leuchtdrucktaster Zuhaltung 1" Terminal="SL1.SM1.BOOL008"/><SIMIO Name="oInfoGuardLockLight2" AddrOffset="1" BitPos="0" GroupID="4" DataType="BOOL" DataLength="1" Description="Leuchtdrucktaster Zuhaltung 2" Terminal="SL1.SM1.BOOL009"/><SIMIO Name="oReqGuardLockOpenBurner" AddrOffset="1" BitPos="1" GroupID="4" DataType="BOOL" DataLength="1" Description="Unsicheres Öffnungssignal an Brenner" Terminal="SL1.SM1.BOOL010"/><SIMIO Name="oInfoQuitLightSS1" AddrOffset="1" BitPos="2" GroupID="4" DataType="BOOL" DataLength="1" Description="Leuchtdrucktaster auf SS1" Terminal="SL1.SM1.BOOL011"/><SIMIO Name="oInfoSensorError" AddrOffset="1" BitPos="3" GroupID="4" DataType="BOOL" DataLength="1" Description="Fehler des Volumenstromsensorsignales" Terminal="SL1.SM1.BOOL012"/><SIMIO Name="oInfoSuctionVolume" AddrOffset="2" BitPos="0" GroupID="4" DataType="INT" DataLength="16" Description="[m³/h] ...Absaugvolumen" Terminal="SL1.SM1.INT001"/><SIMIO Name="iSafetyQuit" AddrOffset="54" BitPos="2" GroupID="1" DataType="SAFEBOOL" DataLength="1" Description="" Terminal="SL1.SM2.SafeDigitalInput03"/><SIMIO Name="iEmStopSS1" AddrOffset="55" BitPos="0" GroupID="1" DataType="SAFEBOOL" DataLength="1" Description="" Terminal="SL1.SM2.SafeTwoChannelInput0102"/><SIMIO Name="iEmStopBurner" AddrOffset="74" BitPos="2" GroupID="1" DataType="SAFEBOOL" DataLength="1" Description="" Terminal="SL1.SM7.SafeEquivalentInput0102"/><SIMIO Name="iEmStopEuroMac" AddrOffset="58" BitPos="2" GroupID="1" DataType="SAFEBOOL" DataLength="1" Description="" Terminal="SL1.SM6.SafeEquivalentInput0102"/><SIMIO Name="iRelGuardLockBurner" AddrOffset="82" BitPos="2" GroupID="1" DataType="SAFEBOOL" DataLength="1" Description="" Terminal="SL1.SM8.SafeEquivalentInput0102"/><SIMIO Name="iGuardLock1Closed" AddrOffset="69" BitPos="0" GroupID="1" DataType="SAFEBOOL" DataLength="1" Description="" Terminal="SL1.SM4.SafeEquivalentInput0102"/><SIMIO Name="iGuardLock2Closed" AddrOffset="69" BitPos="2" GroupID="1" DataType="SAFEBOOL" DataLength="1" Description="" Terminal="SL1.SM4.SafeEquivalentInput0304"/><SIMIO Name="iChanSuctionVolumeOK" AddrOffset="61" BitPos="4" GroupID="1" DataType="SAFEBOOL" DataLength="1" Description="" Terminal="SL1.SM3.SafeCurrentOK0102"/><SIMIO Name="aiSuctionVolume" AddrOffset="62" BitPos="0" GroupID="1" DataType="SAFEINT" DataLength="16" Description="" Terminal="SL1.SM3.SafeCurrent0102"/><SIMIO Name="oRelGuardLock1" AddrOffset="16" BitPos="0" GroupID="2" DataType="SAFEBOOL" DataLength="1" Description="" Terminal="SL1.SM4.SafeDigitalOutput01"/><SIMIO Name="oRelGuardLock1R" AddrOffset="132" BitPos="0" GroupID="4" DataType="BOOL" DataLength="1" Description="" Terminal="SL1.SM4.ReleaseOutput01"/><SIMIO Name="oRelGuardLock2" AddrOffset="16" BitPos="1" GroupID="2" DataType="SAFEBOOL" DataLength="1" Description="" Terminal="SL1.SM4.SafeDigitalOutput02"/><SIMIO Name="oRelGuardLock2R" AddrOffset="132" BitPos="1" GroupID="4" DataType="BOOL" DataLength="1" Description="" Terminal="SL1.SM4.ReleaseOutput02"/><SIMIO Name="oEmStopBurner" AddrOffset="20" BitPos="2" GroupID="2" DataType="SAFEBOOL" DataLength="1" Description="" Terminal="SL1.SM7.SafeDigitalOutput0102"/><SIMIO Name="oEmStopBurnerR" AddrOffset="135" BitPos="2" GroupID="4" DataType="BOOL" DataLength="1" Description="" Terminal="SL1.SM7.ReleaseOutput0102"/><SIMIO Name="oEmStopEuroMac" AddrOffset="13" BitPos="2" GroupID="2" DataType="SAFEBOOL" DataLength="1" Description="" Terminal="SL1.SM6.SafeDigitalOutput0102"/><SIMIO Name="oEmStopEuroMacR" AddrOffset="134" BitPos="2" GroupID="4" DataType="BOOL" DataLength="1" Description="" Terminal="SL1.SM6.ReleaseOutput0102"/><SIMIO Name="oRelFireBurner" AddrOffset="21" BitPos="2" GroupID="2" DataType="SAFEBOOL" DataLength="1" Description="" Terminal="SL1.SM8.SafeDigitalOutput0102"/><SIMIO Name="oRelFireBurnerR" AddrOffset="136" BitPos="2" GroupID="4" DataType="BOOL" DataLength="1" Description="" Terminal="SL1.SM8.ReleaseOutput0102"/></SIMIOS><HNF><libraries><library>PLCopen_SF</library><library>Utilities_SF</library></libraries></HNF></IoDescription>
