<?xml version="1.0" encoding="UTF-8"?>
<project xmlns="http://www.plcopen.org/xml/tc6.xsd" xmlns:xhtml="http://www.w3.org/1999/xhtml" xmlns:xsi="http://www.w3.org/2001/XMLSchema-instance"><fileHeader xmlns="" companyName="BrAutomation" companyURL="http://www.br-automation.com" productName="SafeDESIGNER" productVersion=" 4.3.4.4" creationDateTime="Fri Oct 19 12:00:31 2018
"/><contentHeader xmlns="" name="SafeLOGIC-1"><coordinateInfo><pageSize x="235" y="3499"/><fbd><scaling x="2" y="2"/></fbd><ld><scaling x="2" y="2"/></ld><sfc><scaling x="2" y="2"/></sfc></coordinateInfo><addDataInfo><info name="http://www.phoenixcontact-software.com" vendor="http://www.phoenixcontact-software.com"/></addDataInfo></contentHeader><types xmlns=""><dataTypes/><pous><pou name="GuardLocks" pouType="Programm" crc=" 0xDFEB906B"><interface/><body><FBD><addData><data name="http://www.phoenixcontact-software.com" handleUnknown="preserve"><line localId="15" beginX="7" beginY="194" endX="10" endY="194"/><line localId="18" beginX="31" beginY="194" endX="45" endY="194"/><line localId="20" beginX="10" beginY="194" endX="10" endY="216"/><line localId="21" beginX="10" beginY="216" endX="11" endY="216"/><line localId="24" beginX="103" beginY="194" endX="112" endY="194"/><line localId="25" beginX="74" beginY="216" endX="103" endY="216"/><line localId="26" beginX="45" beginY="194" endX="45" endY="202"/><line localId="42" beginX="118" beginY="133" endX="118" endY="118"/><line localId="43" beginX="118" beginY="118" endX="120" endY="118"/><line localId="59" beginX="74" beginY="171" endX="82" endY="171"/><line localId="60" beginX="57" beginY="171" endX="61" endY="171"/><line localId="70" beginX="40" beginY="165" endX="82" endY="165"/><line localId="72" beginX="66" beginY="194" endX="72" endY="194"/><line localId="73" beginX="93" beginY="194" endX="103" endY="194"/><line localId="74" beginX="103" beginY="194" endX="103" endY="202"/><line localId="75" beginX="103" beginY="202" endX="103" endY="216"/><line localId="76" beginX="66" beginY="202" endX="103" endY="202"/><line localId="87" beginX="76" beginY="39" endX="86" endY="39"/><line localId="88" beginX="103" beginY="39" endX="111" endY="39"/><line localId="90" beginX="27" beginY="22" endX="32" endY="22"/><line localId="99" beginX="46" beginY="22" endX="111" endY="22"/><line localId="101" beginX="6" beginY="39" endX="6" endY="55"/><line localId="102" beginX="27" beginY="39" endX="36" endY="39"/><line localId="103" beginX="36" beginY="39" endX="55" endY="39"/><line localId="104" beginX="36" beginY="39" endX="36" endY="44"/><line localId="105" beginX="36" beginY="44" endX="55" endY="44"/><line localId="106" beginX="76" beginY="44" endX="80" endY="44"/><line localId="107" beginX="80" beginY="44" endX="86" endY="44"/><line localId="108" beginX="27" beginY="55" endX="80" endY="55"/><line localId="109" beginX="80" beginY="44" endX="80" endY="55"/><line localId="110" beginX="112" beginY="133" endX="118" endY="133"/><line localId="111" beginX="44" beginY="114" endX="57" endY="114"/><line localId="113" beginX="71" beginY="114" endX="98" endY="114"/><line localId="114" beginX="111" beginY="110" endX="115" endY="110"/><line localId="115" beginX="115" beginY="110" endX="115" endY="114"/><line localId="116" beginX="115" beginY="114" endX="120" endY="114"/><line localId="117" beginX="31" beginY="133" endX="87" endY="133"/><line localId="118" beginX="87" beginY="133" endX="99" endY="133"/><line localId="119" beginX="87" beginY="133" endX="87" endY="118"/><line localId="120" beginX="87" beginY="118" endX="98" endY="118"/><line localId="121" beginX="13" beginY="77" endX="32" endY="77"/><line localId="135" beginX="94" beginY="165" endX="151" endY="165"/><line localId="136" beginX="145" beginY="172" endX="151" endY="172"/><line localId="141" beginX="127" beginY="176" endX="130" endY="176"/><line localId="142" beginX="130" beginY="176" endX="130" endY="172"/><line localId="143" beginX="130" beginY="172" endX="132" endY="172"/></data></addData><comment localId="0" height="4" width="14"><position x="4" y="1"/><content><html xmlns="http://www.w3.org/1999/xhtml"><head><title/></head><body><p style="color:#000000;font-family:Arial;font-weight:normal;font-style:normal;font-size:14pt;">GuardLock</p></body></html></content></comment><comment localId="3" height="4" width="27"><position x="4" y="9"/><content><html xmlns="http://www.w3.org/1999/xhtml"><head><title/></head><body><p style="color:#000000;font-family:Arial;font-weight:normal;font-style:normal;font-size:14pt;">Request from Buttons</p></body></html></content></comment><block localId="9" height="12" width="13" typeName="RS_S" instanceName="RS_S_GuardLocked"><position x="122" y="110"/><addData><data name="http://www.phoenixcontact-software.com" handleUnknown="preserve"><fbData fbFuType="0"/></data></addData><inputVariables><variable formalParameter="SET" negated="false"><connectionPointIn><relPosition x="-2" y="4"/><connection refLocalId="30" formalParameter="AND_S"><addData><data name="http://www.phoenixcontact-software.com" handleUnknown="preserve"><connectedFormalparameter refLocalId="29"/></data></addData><position x="120" y="114"/><position x="115" y="114"/><position x="115" y="110"/><position x="111" y="110"/></connection></connectionPointIn><addData><data name="http://www.phoenixcontact-software.com" handleUnknown="preserve"><fp localId="4" inState="129" outState="0" width="6" height="2" positionX="120" positionY="114" flagType="" dataType="SAFEBOOL"/></data></addData></variable><variable formalParameter="RESET1" negated="false"><connectionPointIn><relPosition x="-2" y="8"/><connection refLocalId="41" formalParameter="NOT_S"><addData><data name="http://www.phoenixcontact-software.com" handleUnknown="preserve"><connectedFormalparameter refLocalId="40"/></data></addData><position x="120" y="118"/><position x="118" y="118"/><position x="118" y="133"/><position x="112" y="133"/></connection></connectionPointIn><addData><data name="http://www.phoenixcontact-software.com" handleUnknown="preserve"><fp localId="5" inState="129" outState="0" width="9" height="2" positionX="120" positionY="118" flagType="" dataType="SAFEBOOL"/></data></addData></variable></inputVariables><inOutVariables/><outputVariables><variable formalParameter="Q1" negated="false"><connectionPointOut><relPosition x="15" y="4"/></connectionPointOut><addData><data name="http://www.phoenixcontact-software.com" handleUnknown="preserve"><fp localId="6" inState="0" outState="129" width="4" height="2" positionX="137" positionY="114" flagType="" dataType="SAFEBOOL"/></data></addData></variable></outputVariables></block><block localId="10" height="8" width="10" typeName="F_TRIG_S" instanceName="F_TRIG_S_GuardLocked"><position x="59" y="110"/><addData><data name="http://www.phoenixcontact-software.com" handleUnknown="preserve"><fbData fbFuType="0"/></data></addData><inputVariables><variable formalParameter="CLK"><connectionPointIn><relPosition x="-2" y="4"/><connection refLocalId="35" formalParameter="Q"><addData><data name="http://www.phoenixcontact-software.com" handleUnknown="preserve"><connectedFormalparameter refLocalId="33"/></data></addData><position x="57" y="114"/><position x="44" y="114"/></connection></connectionPointIn><addData><data name="http://www.phoenixcontact-software.com" handleUnknown="preserve"><fp localId="7" inState="128" outState="0" width="6" height="2" positionX="57" positionY="114" flagType="" dataType="SAFEBOOL"/></data></addData></variable></inputVariables><inOutVariables/><outputVariables><variable formalParameter="Q"><connectionPointOut><relPosition x="12" y="4"/></connectionPointOut><addData><data name="http://www.phoenixcontact-software.com" handleUnknown="preserve"><fp localId="8" inState="0" outState="128" width="3" height="2" positionX="71" positionY="114" flagType="" dataType="SAFEBOOL"/></data></addData></variable></outputVariables></block><coil localId="11" height="2" width="21" negated="false"><position x="112" y="193"/><connectionPointIn><relPosition x="0" y="1"/><connection refLocalId="71"><position x="112" y="194"/><position x="103" y="194"/><position x="93" y="194"/></connection><connection refLocalId="17"><position x="112" y="194"/><position x="103" y="194"/><position x="103" y="202"/><position x="66" y="202"/></connection><connection refLocalId="23"><position x="112" y="194"/><position x="103" y="194"/><position x="103" y="202"/><position x="103" y="216"/><position x="74" y="216"/></connection></connectionPointIn><connectionPointOut><relPosition x="21" y="1"/></connectionPointOut><variable>oLamp</variable><addData><data name="http://www.phoenixcontact-software.com" handleUnknown="preserve"><contactData contactWidth="9"/></data></addData></coil><leftPowerRail localId="12" height="0" width="2"><position x="5" y="194"/><connectionPointOut><relPosition x="2" y="0"/></connectionPointOut></leftPowerRail><rightPowerRail localId="13" height="0" width="2"><position x="133" y="194"/><connectionPointIn><relPosition x="0" y="0"/><connection refLocalId="11"/></connectionPointIn></rightPowerRail><contact localId="14" height="2" width="21" negated="false"><position x="10" y="193"/><connectionPointIn><relPosition x="0" y="1"/><connection refLocalId="12"><position x="10" y="194"/><position x="7" y="194"/></connection></connectionPointIn><connectionPointOut><relPosition x="21" y="1"/></connectionPointOut><variable>mReqGuardUnlockActiv</variable><addData><data name="http://www.phoenixcontact-software.com" handleUnknown="preserve"><contactData contactWidth="9"/></data></addData></contact><contact localId="16" height="2" width="21" negated="true"><position x="45" y="193"/><connectionPointIn><relPosition x="0" y="1"/><connection refLocalId="14"><position x="45" y="194"/><position x="31" y="194"/></connection></connectionPointIn><connectionPointOut><relPosition x="21" y="1"/></connectionPointOut><variable>iSafetyForUnlockOk</variable><addData><data name="http://www.phoenixcontact-software.com" handleUnknown="preserve"><contactData contactWidth="9"/></data></addData></contact><contact localId="17" height="2" width="21" negated="true"><position x="45" y="201"/><connectionPointIn><relPosition x="0" y="1"/><connection refLocalId="14"><position x="45" y="202"/><position x="45" y="194"/><position x="31" y="194"/></connection></connectionPointIn><connectionPointOut><relPosition x="21" y="1"/></connectionPointOut><variable>oGuardLocked</variable><addData><data name="http://www.phoenixcontact-software.com" handleUnknown="preserve"><contactData contactWidth="9"/></data></addData></contact><contact localId="19" height="2" width="21" negated="true"><position x="11" y="215"/><connectionPointIn><relPosition x="0" y="1"/><connection refLocalId="12"><position x="11" y="216"/><position x="10" y="216"/><position x="10" y="194"/><position x="7" y="194"/></connection></connectionPointIn><connectionPointOut><relPosition x="21" y="1"/></connectionPointOut><variable>mReqGuardUnlockActiv</variable><addData><data name="http://www.phoenixcontact-software.com" handleUnknown="preserve"><contactData contactWidth="9"/></data></addData></contact><contact localId="22" height="2" width="21" negated="true"><position x="32" y="215"/><connectionPointIn><relPosition x="0" y="1"/><connection refLocalId="19"/></connectionPointIn><connectionPointOut><relPosition x="21" y="1"/></connectionPointOut><variable>oGuardLocked</variable><addData><data name="http://www.phoenixcontact-software.com" handleUnknown="preserve"><contactData contactWidth="9"/></data></addData></contact><contact localId="23" height="2" width="21" negated="false"><position x="53" y="215"/><connectionPointIn><relPosition x="0" y="1"/><connection refLocalId="22"/></connectionPointIn><connectionPointOut><relPosition x="21" y="1"/></connectionPointOut><variable>iBlinkClk</variable><addData><data name="http://www.phoenixcontact-software.com" handleUnknown="preserve"><contactData contactWidth="9"/></data></addData></contact><block localId="30" height="16" width="9" typeName="AND_S"><position x="100" y="106"/><addData><data name="http://www.phoenixcontact-software.com" handleUnknown="preserve"><fbData fbFuType="1"/></data></addData><inputVariables><variable formalParameter="IN1" negated="false" hidden="true"><connectionPointIn><relPosition x="-2" y="4"/><connection refLocalId="132"/></connectionPointIn><addData><data name="http://www.phoenixcontact-software.com" handleUnknown="preserve"><fp localId="27" inState="1665" outState="0" width="2" height="2" positionX="98" positionY="110" flagType="" dataType="ANY_SAFEBIT"/></data></addData></variable><variable formalParameter="IN2" negated="false" hidden="true"><connectionPointIn><relPosition x="-2" y="8"/><connection refLocalId="10" formalParameter="Q"><addData><data name="http://www.phoenixcontact-software.com" handleUnknown="preserve"><connectedFormalparameter refLocalId="8"/></data></addData><position x="98" y="114"/><position x="71" y="114"/></connection></connectionPointIn><addData><data name="http://www.phoenixcontact-software.com" handleUnknown="preserve"><fp localId="28" inState="1665" outState="0" width="2" height="2" positionX="98" positionY="114" flagType="" dataType="ANY_SAFEBIT"/></data></addData></variable><variable formalParameter="IN3" negated="false" hidden="true"><connectionPointIn><relPosition x="-2" y="12"/><connection refLocalId="38"><position x="98" y="118"/><position x="87" y="118"/><position x="87" y="133"/><position x="31" y="133"/></connection></connectionPointIn><addData><data name="http://www.phoenixcontact-software.com" handleUnknown="preserve"><fp localId="112" inState="1665" outState="0" width="2" height="2" positionX="98" positionY="118" flagType="" dataType="ANY_SAFEBIT"/></data></addData></variable></inputVariables><inOutVariables/><outputVariables><variable formalParameter="AND_S" negated="false" hidden="true"><connectionPointOut><relPosition x="11" y="4"/></connectionPointOut><addData><data name="http://www.phoenixcontact-software.com" handleUnknown="preserve"><fp localId="29" inState="0" outState="643" width="1" height="2" positionX="111" positionY="110" flagType="" dataType="ANY_SAFEBIT"/></data></addData></variable></outputVariables></block><block localId="35" height="12" width="9" typeName="TON_S" instanceName="TON_S_Reset"><position x="33" y="110"/><addData><data name="http://www.phoenixcontact-software.com" handleUnknown="preserve"><fbData fbFuType="0"/></data></addData><inputVariables><variable formalParameter="IN" negated="false"><connectionPointIn><relPosition x="-2" y="4"/><connection refLocalId="131"/></connectionPointIn><addData><data name="http://www.phoenixcontact-software.com" handleUnknown="preserve"><fp localId="31" inState="129" outState="0" width="5" height="2" positionX="31" positionY="114" flagType="" dataType="SAFEBOOL"/></data></addData></variable><variable formalParameter="PT"><connectionPointIn><relPosition x="-2" y="8"/><connection refLocalId="37"/></connectionPointIn><addData><data name="http://www.phoenixcontact-software.com" handleUnknown="preserve"><fp localId="32" inState="128" outState="0" width="5" height="2" positionX="31" positionY="118" flagType="" dataType="SAFETIME"/></data></addData></variable></inputVariables><inOutVariables/><outputVariables><variable formalParameter="Q" negated="false"><connectionPointOut><relPosition x="11" y="4"/></connectionPointOut><addData><data name="http://www.phoenixcontact-software.com" handleUnknown="preserve"><fp localId="33" inState="0" outState="129" width="3" height="2" positionX="44" positionY="114" flagType="" dataType="SAFEBOOL"/></data></addData></variable><variable formalParameter="ET"><connectionPointOut><relPosition x="11" y="8"/></connectionPointOut><addData><data name="http://www.phoenixcontact-software.com" handleUnknown="preserve"><fp localId="34" inState="0" outState="128" width="4" height="2" positionX="44" positionY="118" flagType="" dataType="SAFETIME"/></data></addData></variable></outputVariables></block><inVariable localId="37" height="2" width="21"><position x="10" y="117"/><expression>SAFETIME#500ms</expression><connectionPointOut><relPosition x="21" y="1"/></connectionPointOut></inVariable><inVariable localId="38" height="2" width="16"><position x="15" y="132"/><expression>iGuardClosed</expression><connectionPointOut><relPosition x="16" y="1"/></connectionPointOut></inVariable><block localId="41" height="8" width="9" typeName="NOT_S"><position x="101" y="129"/><addData><data name="http://www.phoenixcontact-software.com" handleUnknown="preserve"><fbData fbFuType="1"/></data></addData><inputVariables><variable formalParameter="IN1" negated="false" hidden="true"><connectionPointIn><relPosition x="-2" y="4"/><connection refLocalId="38"><position x="99" y="133"/><position x="87" y="133"/><position x="31" y="133"/></connection></connectionPointIn><addData><data name="http://www.phoenixcontact-software.com" handleUnknown="preserve"><fp localId="39" inState="641" outState="0" width="2" height="2" positionX="99" positionY="133" flagType="" dataType="ANY_SAFEBIT"/></data></addData></variable></inputVariables><inOutVariables/><outputVariables><variable formalParameter="NOT_S" negated="false" hidden="true"><connectionPointOut><relPosition x="11" y="4"/></connectionPointOut><addData><data name="http://www.phoenixcontact-software.com" handleUnknown="preserve"><fp localId="40" inState="0" outState="641" width="1" height="2" positionX="112" positionY="133" flagType="" dataType="ANY_SAFEBIT"/></data></addData></variable></outputVariables></block><outVariable localId="44" height="2" width="17"><position x="137" y="113"/><expression>oGuardLocked</expression><connectionPointIn><relPosition x="0" y="1"/><connection refLocalId="9" formalParameter="Q1"><addData><data name="http://www.phoenixcontact-software.com" handleUnknown="preserve"><connectedFormalparameter refLocalId="6"/></data></addData></connection></connectionPointIn></outVariable><block localId="48" height="12" width="9" typeName="AND_S"><position x="29" y="157"/><addData><data name="http://www.phoenixcontact-software.com" handleUnknown="preserve"><fbData fbFuType="1"/></data></addData><inputVariables><variable formalParameter="IN1" negated="false" hidden="true"><connectionPointIn><relPosition x="-2" y="4"/><connection refLocalId="49"/></connectionPointIn><addData><data name="http://www.phoenixcontact-software.com" handleUnknown="preserve"><fp localId="45" inState="1665" outState="0" width="2" height="2" positionX="27" positionY="161" flagType="" dataType="ANY_SAFEBIT"/></data></addData></variable><variable formalParameter="IN2" negated="false" hidden="true"><connectionPointIn><relPosition x="-2" y="8"/><connection refLocalId="50"/></connectionPointIn><addData><data name="http://www.phoenixcontact-software.com" handleUnknown="preserve"><fp localId="46" inState="1665" outState="0" width="2" height="2" positionX="27" positionY="165" flagType="" dataType="ANY_SAFEBIT"/></data></addData></variable></inputVariables><inOutVariables/><outputVariables><variable formalParameter="AND_S" negated="false" hidden="true"><connectionPointOut><relPosition x="11" y="8"/></connectionPointOut><addData><data name="http://www.phoenixcontact-software.com" handleUnknown="preserve"><fp localId="47" inState="0" outState="641" width="1" height="2" positionX="40" positionY="165" flagType="" dataType="ANY_SAFEBIT"/></data></addData></variable></outputVariables></block><inVariable localId="49" height="2" width="22"><position x="5" y="160"/><expression>iSafetyForUnlockOk</expression><connectionPointOut><relPosition x="22" y="1"/></connectionPointOut></inVariable><inVariable localId="50" height="2" width="26"><position x="1" y="164"/><expression>mReqGuardUnlockActiv</expression><connectionPointOut><relPosition x="26" y="1"/></connectionPointOut></inVariable><block localId="54" height="12" width="8" typeName="OR_S"><position x="84" y="161"/><addData><data name="http://www.phoenixcontact-software.com" handleUnknown="preserve"><fbData fbFuType="1"/></data></addData><inputVariables><variable formalParameter="IN1" negated="false" hidden="true"><connectionPointIn><relPosition x="-2" y="4"/><connection refLocalId="48" formalParameter="AND_S"><addData><data name="http://www.phoenixcontact-software.com" handleUnknown="preserve"><connectedFormalparameter refLocalId="47"/></data></addData><position x="82" y="165"/><position x="40" y="165"/></connection></connectionPointIn><addData><data name="http://www.phoenixcontact-software.com" handleUnknown="preserve"><fp localId="51" inState="1665" outState="0" width="2" height="2" positionX="82" positionY="165" flagType="" dataType="ANY_SAFEBIT"/></data></addData></variable><variable formalParameter="IN2" negated="false" hidden="true"><connectionPointIn><relPosition x="-2" y="10"/><connection refLocalId="58" formalParameter="NOT_S"><addData><data name="http://www.phoenixcontact-software.com" handleUnknown="preserve"><connectedFormalparameter refLocalId="57"/></data></addData><position x="82" y="171"/><position x="74" y="171"/></connection></connectionPointIn><addData><data name="http://www.phoenixcontact-software.com" handleUnknown="preserve"><fp localId="52" inState="1665" outState="0" width="2" height="2" positionX="82" positionY="171" flagType="" dataType="ANY_SAFEBIT"/></data></addData></variable></inputVariables><inOutVariables/><outputVariables><variable formalParameter="OR_S" negated="false" hidden="true"><connectionPointOut><relPosition x="10" y="4"/></connectionPointOut><addData><data name="http://www.phoenixcontact-software.com" handleUnknown="preserve"><fp localId="53" inState="0" outState="641" width="1" height="2" positionX="94" positionY="165" flagType="" dataType="ANY_SAFEBIT"/></data></addData></variable></outputVariables></block><inVariable localId="55" height="2" width="17"><position x="40" y="170"/><expression>oGuardLocked</expression><connectionPointOut><relPosition x="17" y="1"/></connectionPointOut></inVariable><block localId="58" height="8" width="9" typeName="NOT_S"><position x="63" y="167"/><addData><data name="http://www.phoenixcontact-software.com" handleUnknown="preserve"><fbData fbFuType="1"/></data></addData><inputVariables><variable formalParameter="IN1" negated="false" hidden="true"><connectionPointIn><relPosition x="-2" y="4"/><connection refLocalId="55"><position x="61" y="171"/><position x="57" y="171"/></connection></connectionPointIn><addData><data name="http://www.phoenixcontact-software.com" handleUnknown="preserve"><fp localId="56" inState="641" outState="0" width="2" height="2" positionX="61" positionY="171" flagType="" dataType="ANY_SAFEBIT"/></data></addData></variable></inputVariables><inOutVariables/><outputVariables><variable formalParameter="NOT_S" negated="false" hidden="true"><connectionPointOut><relPosition x="11" y="4"/></connectionPointOut><addData><data name="http://www.phoenixcontact-software.com" handleUnknown="preserve"><fp localId="57" inState="0" outState="641" width="1" height="2" positionX="74" positionY="171" flagType="" dataType="ANY_SAFEBIT"/></data></addData></variable></outputVariables></block><block localId="64" height="12" width="9" typeName="AND_S"><position x="153" y="162"/><addData><data name="http://www.phoenixcontact-software.com" handleUnknown="preserve"><fbData fbFuType="1"/></data></addData><inputVariables><variable formalParameter="IN1" negated="false" hidden="true"><connectionPointIn><relPosition x="-2" y="3"/><connection refLocalId="54" formalParameter="OR_S"><addData><data name="http://www.phoenixcontact-software.com" handleUnknown="preserve"><connectedFormalparameter refLocalId="53"/></data></addData><position x="151" y="165"/><position x="94" y="165"/></connection></connectionPointIn><addData><data name="http://www.phoenixcontact-software.com" handleUnknown="preserve"><fp localId="61" inState="1665" outState="0" width="2" height="2" positionX="151" positionY="165" flagType="" dataType="ANY_SAFEBIT"/></data></addData></variable><variable formalParameter="IN2" negated="false" hidden="true"><connectionPointIn><relPosition x="-2" y="10"/><connection refLocalId="68" formalParameter="NOT_S"><addData><data name="http://www.phoenixcontact-software.com" handleUnknown="preserve"><connectedFormalparameter refLocalId="67"/></data></addData><position x="151" y="172"/><position x="145" y="172"/></connection></connectionPointIn><addData><data name="http://www.phoenixcontact-software.com" handleUnknown="preserve"><fp localId="62" inState="1665" outState="0" width="2" height="2" positionX="151" positionY="172" flagType="" dataType="ANY_SAFEBIT"/></data></addData></variable></inputVariables><inOutVariables/><outputVariables><variable formalParameter="AND_S" negated="false" hidden="true"><connectionPointOut><relPosition x="11" y="4"/></connectionPointOut><addData><data name="http://www.phoenixcontact-software.com" handleUnknown="preserve"><fp localId="63" inState="0" outState="641" width="1" height="2" positionX="164" positionY="166" flagType="" dataType="ANY_SAFEBIT"/></data></addData></variable></outputVariables></block><inVariable localId="65" height="2" width="16"><position x="98" y="171"/><expression>mResetPulse</expression><connectionPointOut><relPosition x="16" y="1"/></connectionPointOut></inVariable><block localId="68" height="8" width="9" typeName="NOT_S"><position x="134" y="168"/><addData><data name="http://www.phoenixcontact-software.com" handleUnknown="preserve"><fbData fbFuType="1"/></data></addData><inputVariables><variable formalParameter="IN1" negated="false" hidden="true"><connectionPointIn><relPosition x="-2" y="4"/><connection refLocalId="140" formalParameter="AND_S"><addData><data name="http://www.phoenixcontact-software.com" handleUnknown="preserve"><connectedFormalparameter refLocalId="139"/></data></addData><position x="132" y="172"/><position x="130" y="172"/><position x="130" y="176"/><position x="127" y="176"/></connection></connectionPointIn><addData><data name="http://www.phoenixcontact-software.com" handleUnknown="preserve"><fp localId="66" inState="641" outState="0" width="2" height="2" positionX="132" positionY="172" flagType="" dataType="ANY_SAFEBIT"/></data></addData></variable></inputVariables><inOutVariables/><outputVariables><variable formalParameter="NOT_S" negated="false" hidden="true"><connectionPointOut><relPosition x="11" y="4"/></connectionPointOut><addData><data name="http://www.phoenixcontact-software.com" handleUnknown="preserve"><fp localId="67" inState="0" outState="641" width="1" height="2" positionX="145" positionY="172" flagType="" dataType="ANY_SAFEBIT"/></data></addData></variable></outputVariables></block><outVariable localId="69" height="2" width="15"><position x="164" y="165"/><expression>oReqUnlock</expression><connectionPointIn><relPosition x="0" y="1"/><connection refLocalId="64" formalParameter="AND_S"><addData><data name="http://www.phoenixcontact-software.com" handleUnknown="preserve"><connectedFormalparameter refLocalId="63"/></data></addData></connection></connectionPointIn></outVariable><contact localId="71" height="2" width="21" negated="false"><position x="72" y="193"/><connectionPointIn><relPosition x="0" y="1"/><connection refLocalId="16"><position x="72" y="194"/><position x="66" y="194"/></connection></connectionPointIn><connectionPointOut><relPosition x="21" y="1"/></connectionPointOut><variable>iBlinkClk</variable><addData><data name="http://www.phoenixcontact-software.com" handleUnknown="preserve"><contactData contactWidth="9"/></data></addData></contact><contact localId="77" height="2" width="21" negated="false"><position x="6" y="38"/><connectionPointIn><relPosition x="0" y="1"/><connection refLocalId="79"/></connectionPointIn><connectionPointOut><relPosition x="21" y="1"/></connectionPointOut><variable>mNegEdgeReqGuardUnlock</variable><addData><data name="http://www.phoenixcontact-software.com" handleUnknown="preserve"><contactData contactWidth="9"/></data></addData></contact><coil localId="78" height="2" width="21" negated="false"><position x="111" y="38"/><connectionPointIn><relPosition x="0" y="1"/><connection refLocalId="86" formalParameter="Q1"><addData><data name="http://www.phoenixcontact-software.com" handleUnknown="preserve"><connectedFormalparameter refLocalId="85"/></data></addData><position x="111" y="39"/><position x="103" y="39"/></connection></connectionPointIn><connectionPointOut><relPosition x="21" y="1"/></connectionPointOut><variable>mReqGuardUnlockActiv</variable><addData><data name="http://www.phoenixcontact-software.com" handleUnknown="preserve"><contactData contactWidth="9"/></data></addData></coil><leftPowerRail localId="79" height="0" width="2"><position x="4" y="39"/><connectionPointOut><relPosition x="2" y="0"/></connectionPointOut></leftPowerRail><rightPowerRail localId="80" height="0" width="2"><position x="132" y="39"/><connectionPointIn><relPosition x="0" y="0"/><connection refLocalId="78"/></connectionPointIn></rightPowerRail><contact localId="81" height="2" width="21" negated="true"><position x="55" y="38"/><connectionPointIn><relPosition x="0" y="1"/><connection refLocalId="77"><position x="55" y="39"/><position x="36" y="39"/><position x="27" y="39"/></connection></connectionPointIn><connectionPointOut><relPosition x="21" y="1"/></connectionPointOut><variable>mReqGuardUnlockActiv</variable><addData><data name="http://www.phoenixcontact-software.com" handleUnknown="preserve"><contactData contactWidth="9"/></data></addData></contact><block localId="86" height="12" width="13" typeName="RS_S" instanceName="RS_S_ReqGuardLock"><position x="88" y="35"/><addData><data name="http://www.phoenixcontact-software.com" handleUnknown="preserve"><fbData fbFuType="0"/></data></addData><inputVariables><variable formalParameter="SET" negated="false"><connectionPointIn><relPosition x="-2" y="4"/><connection refLocalId="81"><position x="86" y="39"/><position x="76" y="39"/></connection></connectionPointIn><addData><data name="http://www.phoenixcontact-software.com" handleUnknown="preserve"><fp localId="83" inState="129" outState="0" width="6" height="2" positionX="86" positionY="39" flagType="" dataType="SAFEBOOL"/></data></addData></variable><variable formalParameter="RESET1" negated="false"><connectionPointIn><relPosition x="-2" y="9"/><connection refLocalId="89"><position x="86" y="44"/><position x="80" y="44"/><position x="76" y="44"/></connection><connection refLocalId="100"><position x="86" y="44"/><position x="80" y="44"/><position x="80" y="55"/><position x="27" y="55"/></connection></connectionPointIn><addData><data name="http://www.phoenixcontact-software.com" handleUnknown="preserve"><fp localId="84" inState="129" outState="0" width="9" height="2" positionX="86" positionY="44" flagType="" dataType="SAFEBOOL"/></data></addData></variable></inputVariables><inOutVariables/><outputVariables><variable formalParameter="Q1" negated="false"><connectionPointOut><relPosition x="15" y="4"/></connectionPointOut><addData><data name="http://www.phoenixcontact-software.com" handleUnknown="preserve"><fp localId="85" inState="0" outState="129" width="4" height="2" positionX="103" positionY="39" flagType="" dataType="SAFEBOOL"/></data></addData></variable></outputVariables></block><contact localId="89" height="2" width="21" negated="false"><position x="55" y="43"/><connectionPointIn><relPosition x="0" y="1"/><connection refLocalId="77"><position x="55" y="44"/><position x="36" y="44"/><position x="36" y="39"/><position x="27" y="39"/></connection></connectionPointIn><connectionPointOut><relPosition x="21" y="1"/></connectionPointOut><variable>mReqGuardUnlockActiv</variable><addData><data name="http://www.phoenixcontact-software.com" handleUnknown="preserve"><contactData contactWidth="9"/></data></addData></contact><contact localId="92" height="2" width="21" negated="false"><position x="6" y="21"/><connectionPointIn><relPosition x="0" y="1"/><connection refLocalId="94"/></connectionPointIn><connectionPointOut><relPosition x="21" y="1"/></connectionPointOut><variable>iReqGuardUnlock</variable><addData><data name="http://www.phoenixcontact-software.com" handleUnknown="preserve"><contactData contactWidth="9"/></data></addData></contact><coil localId="93" height="2" width="21" negated="false"><position x="111" y="21"/><connectionPointIn><relPosition x="0" y="1"/><connection refLocalId="98" formalParameter="Q"><addData><data name="http://www.phoenixcontact-software.com" handleUnknown="preserve"><connectedFormalparameter refLocalId="97"/></data></addData><position x="111" y="22"/><position x="46" y="22"/></connection></connectionPointIn><connectionPointOut><relPosition x="21" y="1"/></connectionPointOut><variable>mNegEdgeReqGuardUnlock</variable><addData><data name="http://www.phoenixcontact-software.com" handleUnknown="preserve"><contactData contactWidth="9"/></data></addData></coil><leftPowerRail localId="94" height="0" width="2"><position x="4" y="22"/><connectionPointOut><relPosition x="2" y="0"/></connectionPointOut></leftPowerRail><rightPowerRail localId="95" height="0" width="2"><position x="132" y="22"/><connectionPointIn><relPosition x="0" y="0"/><connection refLocalId="93"/></connectionPointIn></rightPowerRail><block localId="98" height="8" width="10" typeName="F_TRIG_S" instanceName="F_TRIG_S_ReqGuardLock"><position x="34" y="18"/><addData><data name="http://www.phoenixcontact-software.com" handleUnknown="preserve"><fbData fbFuType="0"/></data></addData><inputVariables><variable formalParameter="CLK"><connectionPointIn><relPosition x="-2" y="4"/><connection refLocalId="92"><position x="32" y="22"/><position x="27" y="22"/></connection></connectionPointIn><addData><data name="http://www.phoenixcontact-software.com" handleUnknown="preserve"><fp localId="96" inState="128" outState="0" width="6" height="2" positionX="32" positionY="22" flagType="" dataType="SAFEBOOL"/></data></addData></variable></inputVariables><inOutVariables/><outputVariables><variable formalParameter="Q"><connectionPointOut><relPosition x="12" y="4"/></connectionPointOut><addData><data name="http://www.phoenixcontact-software.com" handleUnknown="preserve"><fp localId="97" inState="0" outState="128" width="3" height="2" positionX="46" positionY="22" flagType="" dataType="SAFEBOOL"/></data></addData></variable></outputVariables></block><contact localId="100" height="2" width="21" negated="false"><position x="6" y="54"/><connectionPointIn><relPosition x="0" y="1"/><connection refLocalId="79"><position x="6" y="55"/><position x="6" y="39"/></connection></connectionPointIn><connectionPointOut><relPosition x="21" y="1"/></connectionPointOut><variable>iReset</variable><addData><data name="http://www.phoenixcontact-software.com" handleUnknown="preserve"><contactData contactWidth="9"/></data></addData></contact><inVariable localId="123" height="2" width="9"><position x="4" y="76"/><expression>iReset</expression><connectionPointOut><relPosition x="9" y="1"/></connectionPointOut></inVariable><inVariable localId="124" height="2" width="16"><position x="16" y="80"/><expression>SAFETIME#6s</expression><connectionPointOut><relPosition x="16" y="1"/></connectionPointOut></inVariable><block localId="129" height="12" width="9" typeName="TP_S" instanceName="TP_S_Reset"><position x="34" y="73"/><addData><data name="http://www.phoenixcontact-software.com" handleUnknown="preserve"><fbData fbFuType="0"/></data></addData><inputVariables><variable formalParameter="IN" negated="false"><connectionPointIn><relPosition x="-2" y="4"/><connection refLocalId="123"><position x="32" y="77"/><position x="13" y="77"/></connection></connectionPointIn><addData><data name="http://www.phoenixcontact-software.com" handleUnknown="preserve"><fp localId="125" inState="129" outState="0" width="5" height="2" positionX="32" positionY="77" flagType="" dataType="SAFEBOOL"/></data></addData></variable><variable formalParameter="PT"><connectionPointIn><relPosition x="-2" y="8"/><connection refLocalId="124"/></connectionPointIn><addData><data name="http://www.phoenixcontact-software.com" handleUnknown="preserve"><fp localId="126" inState="128" outState="0" width="5" height="2" positionX="32" positionY="81" flagType="" dataType="SAFETIME"/></data></addData></variable></inputVariables><inOutVariables/><outputVariables><variable formalParameter="Q" negated="false"><connectionPointOut><relPosition x="11" y="4"/></connectionPointOut><addData><data name="http://www.phoenixcontact-software.com" handleUnknown="preserve"><fp localId="127" inState="0" outState="129" width="3" height="2" positionX="45" positionY="77" flagType="" dataType="SAFEBOOL"/></data></addData></variable><variable formalParameter="ET"><connectionPointOut><relPosition x="11" y="8"/></connectionPointOut><addData><data name="http://www.phoenixcontact-software.com" handleUnknown="preserve"><fp localId="128" inState="0" outState="128" width="4" height="2" positionX="45" positionY="81" flagType="" dataType="SAFETIME"/></data></addData></variable></outputVariables></block><outVariable localId="130" height="2" width="16"><position x="45" y="76"/><expression>mResetPulse</expression><connectionPointIn><relPosition x="0" y="1"/><connection refLocalId="129" formalParameter="Q"><addData><data name="http://www.phoenixcontact-software.com" handleUnknown="preserve"><connectedFormalparameter refLocalId="127"/></data></addData></connection></connectionPointIn></outVariable><inVariable localId="131" height="2" width="9"><position x="22" y="113"/><expression>iReset</expression><connectionPointOut><relPosition x="9" y="1"/></connectionPointOut></inVariable><inVariable localId="132" height="2" width="16"><position x="82" y="109"/><expression>mResetPulse</expression><connectionPointOut><relPosition x="16" y="1"/></connectionPointOut></inVariable><comment localId="133" height="4" width="28"><position x="4" y="146"/><content><html xmlns="http://www.w3.org/1999/xhtml"><head><title/></head><body><p style="color:#000000;font-family:Arial;font-weight:normal;font-style:normal;font-size:14pt;">Request Unlock Guard</p></body></html></content></comment><comment localId="134" height="4" width="14"><position x="4" y="96"/><content><html xmlns="http://www.w3.org/1999/xhtml"><head><title/></head><body><p style="color:#000000;font-family:Arial;font-weight:normal;font-style:normal;font-size:14pt;">Safe State</p></body></html></content></comment><block localId="140" height="12" width="9" typeName="AND_S"><position x="116" y="168"/><addData><data name="http://www.phoenixcontact-software.com" handleUnknown="preserve"><fbData fbFuType="1"/></data></addData><inputVariables><variable formalParameter="IN1" negated="false" hidden="true"><connectionPointIn><relPosition x="-2" y="4"/><connection refLocalId="65"/></connectionPointIn><addData><data name="http://www.phoenixcontact-software.com" handleUnknown="preserve"><fp localId="137" inState="1665" outState="0" width="2" height="2" positionX="114" positionY="172" flagType="" dataType="ANY_SAFEBIT"/></data></addData></variable><variable formalParameter="IN2" negated="false" hidden="true"><connectionPointIn><relPosition x="-2" y="8"/><connection refLocalId="144"/></connectionPointIn><addData><data name="http://www.phoenixcontact-software.com" handleUnknown="preserve"><fp localId="138" inState="1665" outState="0" width="2" height="2" positionX="114" positionY="176" flagType="" dataType="ANY_SAFEBIT"/></data></addData></variable></inputVariables><inOutVariables/><outputVariables><variable formalParameter="AND_S" negated="false" hidden="true"><connectionPointOut><relPosition x="11" y="8"/></connectionPointOut><addData><data name="http://www.phoenixcontact-software.com" handleUnknown="preserve"><fp localId="139" inState="0" outState="641" width="1" height="2" positionX="127" positionY="176" flagType="" dataType="ANY_SAFEBIT"/></data></addData></variable></outputVariables></block><inVariable localId="144" height="2" width="9"><position x="105" y="175"/><expression>iReset</expression><connectionPointOut><relPosition x="9" y="1"/></connectionPointOut></inVariable></FBD></body></pou></pous></types></project>
