<?xml version="1.0" encoding="UTF-8"?>
<project xmlns="http://www.plcopen.org/xml/tc6.xsd" xmlns:xhtml="http://www.w3.org/1999/xhtml" xmlns:xsi="http://www.w3.org/2001/XMLSchema-instance"><fileHeader xmlns="" companyName="BrAutomation" companyURL="http://www.br-automation.com" productName="SafeDESIGNER" productVersion=" 4.3.4.4" creationDateTime="Fri Oct 19 13:14:02 2018
"/><contentHeader xmlns="" name="SafeLOGIC-1"><coordinateInfo><pageSize x="235" y="3499"/><fbd><scaling x="2" y="2"/></fbd><ld><scaling x="2" y="2"/></ld><sfc><scaling x="2" y="2"/></sfc></coordinateInfo><addDataInfo><info name="http://www.phoenixcontact-software.com" vendor="http://www.phoenixcontact-software.com"/></addDataInfo></contentHeader><types xmlns=""><dataTypes/><pous><pou name="Main" pouType="Programm" crc=" 0x4363322C"><interface/><body><FBD><addData><data name="http://www.phoenixcontact-software.com" handleUnknown="preserve"><line localId="17" beginX="27" beginY="72" endX="38" endY="72"/><line localId="23" beginX="108" beginY="72" endX="111" endY="72"/><line localId="24" beginX="51" beginY="72" endX="91" endY="72"/><line localId="32" beginX="6" beginY="72" endX="6" endY="88"/><line localId="34" beginX="27" beginY="88" endX="38" endY="88"/><line localId="35" beginX="51" beginY="88" endX="89" endY="88"/><line localId="36" beginX="89" beginY="88" endX="89" endY="76"/><line localId="37" beginX="89" beginY="76" endX="91" endY="76"/><line localId="71" beginX="102" beginY="335" endX="102" endY="352"/><line localId="73" beginX="121" beginY="335" endX="121" endY="343"/><line localId="74" beginX="142" beginY="335" endX="142" endY="343"/><line localId="76" beginX="121" beginY="352" endX="121" endY="360"/><line localId="77" beginX="142" beginY="352" endX="142" endY="360"/><line localId="78" beginX="118" beginY="352" endX="121" endY="352"/><line localId="96" beginX="39" beginY="339" endX="39" endY="343"/><line localId="98" beginX="102" beginY="335" endX="121" endY="335"/><line localId="99" beginX="102" beginY="352" endX="105" endY="352"/><line localId="100" beginX="27" beginY="335" endX="41" endY="335"/><line localId="101" beginX="39" beginY="343" endX="41" endY="343"/><line localId="102" beginX="39" beginY="339" endX="41" endY="339"/><line localId="103" beginX="37" beginY="339" endX="39" endY="339"/><line localId="146" beginX="78" beginY="335" endX="102" endY="335"/><line localId="148" beginX="116" beginY="149" endX="116" endY="157"/><line localId="149" beginX="137" beginY="149" endX="137" endY="157"/><line localId="153" beginX="73" beginY="257" endX="73" endY="276"/><line localId="155" beginX="121" beginY="257" endX="121" endY="265"/><line localId="156" beginX="142" beginY="257" endX="142" endY="265"/><line localId="158" beginX="121" beginY="276" endX="121" endY="284"/><line localId="159" beginX="142" beginY="276" endX="142" endY="284"/><line localId="160" beginX="27" beginY="257" endX="73" endY="257"/><line localId="165" beginX="90" beginY="310" endX="121" endY="310"/><line localId="166" beginX="73" beginY="257" endX="121" endY="257"/><line localId="167" beginX="73" beginY="276" endX="101" endY="276"/><line localId="168" beginX="27" beginY="149" endX="116" endY="149"/><line localId="173" beginX="27" beginY="424" endX="121" endY="424"/><line localId="183" beginX="27" beginY="242" endX="121" endY="242"/><line localId="185" beginX="114" beginY="276" endX="121" endY="276"/><line localId="196" beginX="88" beginY="198" endX="89" endY="198"/><line localId="197" beginX="88" beginY="186" endX="89" endY="186"/><line localId="198" beginX="88" beginY="194" endX="89" endY="194"/><line localId="199" beginX="88" beginY="190" endX="89" endY="190"/><line localId="200" beginX="56" beginY="202" endX="89" endY="202"/><line localId="202" beginX="6" beginY="381" endX="6" endY="389"/><line localId="203" beginX="27" beginY="381" endX="27" endY="389"/><line localId="205" beginX="6" beginY="389" endX="6" endY="397"/><line localId="206" beginX="27" beginY="389" endX="27" endY="397"/><line localId="208" beginX="6" beginY="397" endX="6" endY="405"/><line localId="210" beginX="6" beginY="405" endX="6" endY="413"/><line localId="212" beginX="27" beginY="405" endX="27" endY="413"/><line localId="213" beginX="27" beginY="381" endX="60" endY="381"/><line localId="214" beginX="60" beginY="381" endX="100" endY="381"/><line localId="215" beginX="48" beginY="405" endX="60" endY="405"/><line localId="216" beginX="60" beginY="381" endX="60" endY="405"/></data></addData><comment localId="0" height="4" width="48"><position x="4" y="4"/><content><html xmlns="http://www.w3.org/1999/xhtml"><head><title/></head><body><p style="color:#000000;font-family:Arial;font-weight:normal;font-style:normal;font-size:14pt;">Safelogic is running to the SPS and Reset</p></body></html></content></comment><comment localId="1" height="4" width="12"><position x="3" y="322"/><content><html xmlns="http://www.w3.org/1999/xhtml"><head><title/></head><body><p style="color:#000000;font-family:Arial;font-weight:normal;font-style:normal;font-size:14pt;">PowerOn</p></body></html></content></comment><contact localId="2" height="2" width="21" negated="false"><position x="6" y="334"/><connectionPointIn><relPosition x="0" y="1"/><connection refLocalId="4"/></connectionPointIn><connectionPointOut><relPosition x="21" y="1"/></connectionPointOut><variable>goSafetyOk</variable><addData><data name="http://www.phoenixcontact-software.com" handleUnknown="preserve"><contactData contactWidth="9"/></data></addData></contact><coil localId="3" height="2" width="21" negated="false"><position x="121" y="334"/><connectionPointIn><relPosition x="0" y="1"/><connection refLocalId="90" formalParameter="S_EDM_Out"><addData><data name="http://www.phoenixcontact-software.com" handleUnknown="preserve"><connectedFormalparameter refLocalId="87"/></data></addData><position x="121" y="335"/><position x="102" y="335"/><position x="78" y="335"/></connection></connectionPointIn><connectionPointOut><relPosition x="21" y="1"/></connectionPointOut><variable>goPowerOn1</variable><addData><data name="http://www.phoenixcontact-software.com" handleUnknown="preserve"><contactData contactWidth="9"/></data></addData></coil><leftPowerRail localId="4" height="0" width="2"><position x="4" y="335"/><connectionPointOut><relPosition x="2" y="0"/></connectionPointOut></leftPowerRail><rightPowerRail localId="5" height="17" width="2"><position x="142" y="335"/><connectionPointIn><relPosition x="0" y="0"/><connection refLocalId="3"/><connection refLocalId="72"><position x="142" y="335"/><position x="142" y="343"/></connection></connectionPointIn><connectionPointIn><relPosition x="0" y="17"/><connection refLocalId="49"/><connection refLocalId="75"><position x="142" y="352"/><position x="142" y="360"/></connection></connectionPointIn></rightPowerRail><comment localId="6" height="4" width="30"><position x="4" y="60"/><content><html xmlns="http://www.w3.org/1999/xhtml"><head><title/></head><body><p style="color:#000000;font-family:Arial;font-weight:normal;font-style:normal;font-size:14pt;">Clock for the Signal Lights</p></body></html></content></comment><coil localId="7" height="2" width="21" negated="false"><position x="111" y="71"/><connectionPointIn><relPosition x="0" y="1"/><connection refLocalId="21" formalParameter="Q1"><addData><data name="http://www.phoenixcontact-software.com" handleUnknown="preserve"><connectedFormalparameter refLocalId="20"/></data></addData><position x="111" y="72"/><position x="108" y="72"/></connection></connectionPointIn><connectionPointOut><relPosition x="21" y="1"/></connectionPointOut><variable>mBlinkingClock</variable><addData><data name="http://www.phoenixcontact-software.com" handleUnknown="preserve"><contactData contactWidth="9"/></data></addData></coil><leftPowerRail localId="8" height="0" width="2"><position x="4" y="72"/><connectionPointOut><relPosition x="2" y="0"/></connectionPointOut></leftPowerRail><rightPowerRail localId="9" height="0" width="2"><position x="132" y="72"/><connectionPointIn><relPosition x="0" y="0"/><connection refLocalId="7"/></connectionPointIn></rightPowerRail><block localId="14" height="12" width="9" typeName="TON_S" instanceName="TON_S_BlinkingClock"><position x="40" y="68"/><addData><data name="http://www.phoenixcontact-software.com" handleUnknown="preserve"><fbData fbFuType="0"/></data></addData><inputVariables><variable formalParameter="IN" negated="false"><connectionPointIn><relPosition x="-2" y="4"/><connection refLocalId="25"><position x="38" y="72"/><position x="27" y="72"/></connection></connectionPointIn><addData><data name="http://www.phoenixcontact-software.com" handleUnknown="preserve"><fp localId="10" inState="129" outState="0" width="5" height="2" positionX="38" positionY="72" flagType="" dataType="SAFEBOOL"/></data></addData></variable><variable formalParameter="PT"><connectionPointIn><relPosition x="-2" y="8"/><connection refLocalId="16"/></connectionPointIn><addData><data name="http://www.phoenixcontact-software.com" handleUnknown="preserve"><fp localId="11" inState="128" outState="0" width="5" height="2" positionX="38" positionY="76" flagType="" dataType="SAFETIME"/></data></addData></variable></inputVariables><inOutVariables/><outputVariables><variable formalParameter="Q" negated="false"><connectionPointOut><relPosition x="11" y="4"/></connectionPointOut><addData><data name="http://www.phoenixcontact-software.com" handleUnknown="preserve"><fp localId="12" inState="0" outState="129" width="3" height="2" positionX="51" positionY="72" flagType="" dataType="SAFEBOOL"/></data></addData></variable><variable formalParameter="ET"><connectionPointOut><relPosition x="11" y="8"/></connectionPointOut><addData><data name="http://www.phoenixcontact-software.com" handleUnknown="preserve"><fp localId="13" inState="0" outState="128" width="4" height="2" positionX="51" positionY="76" flagType="" dataType="SAFETIME"/></data></addData></variable></outputVariables></block><inVariable localId="16" height="2" width="19"><position x="19" y="75"/><expression>SAFETIME#500ms</expression><connectionPointOut><relPosition x="19" y="1"/></connectionPointOut></inVariable><block localId="21" height="12" width="13" typeName="RS_S" instanceName="RS_S_BlinkingClock"><position x="93" y="68"/><addData><data name="http://www.phoenixcontact-software.com" handleUnknown="preserve"><fbData fbFuType="0"/></data></addData><inputVariables><variable formalParameter="SET" negated="false"><connectionPointIn><relPosition x="-2" y="4"/><connection refLocalId="14" formalParameter="Q"><addData><data name="http://www.phoenixcontact-software.com" handleUnknown="preserve"><connectedFormalparameter refLocalId="12"/></data></addData><position x="91" y="72"/><position x="51" y="72"/></connection></connectionPointIn><addData><data name="http://www.phoenixcontact-software.com" handleUnknown="preserve"><fp localId="18" inState="129" outState="0" width="6" height="2" positionX="91" positionY="72" flagType="" dataType="SAFEBOOL"/></data></addData></variable><variable formalParameter="RESET1" negated="false"><connectionPointIn><relPosition x="-2" y="8"/><connection refLocalId="30" formalParameter="Q"><addData><data name="http://www.phoenixcontact-software.com" handleUnknown="preserve"><connectedFormalparameter refLocalId="28"/></data></addData><position x="91" y="76"/><position x="89" y="76"/><position x="89" y="88"/><position x="51" y="88"/></connection></connectionPointIn><addData><data name="http://www.phoenixcontact-software.com" handleUnknown="preserve"><fp localId="19" inState="129" outState="0" width="9" height="2" positionX="91" positionY="76" flagType="" dataType="SAFEBOOL"/></data></addData></variable></inputVariables><inOutVariables/><outputVariables><variable formalParameter="Q1" negated="false"><connectionPointOut><relPosition x="15" y="4"/></connectionPointOut><addData><data name="http://www.phoenixcontact-software.com" handleUnknown="preserve"><fp localId="20" inState="0" outState="129" width="4" height="2" positionX="108" positionY="72" flagType="" dataType="SAFEBOOL"/></data></addData></variable></outputVariables></block><contact localId="25" height="2" width="21" negated="true"><position x="6" y="71"/><connectionPointIn><relPosition x="0" y="1"/><connection refLocalId="8"/></connectionPointIn><connectionPointOut><relPosition x="21" y="1"/></connectionPointOut><variable>mBlinkingClock</variable><addData><data name="http://www.phoenixcontact-software.com" handleUnknown="preserve"><contactData contactWidth="9"/></data></addData></contact><block localId="30" height="12" width="9" typeName="TON_S" instanceName="TON_S_BlinkingClockRst"><position x="40" y="84"/><addData><data name="http://www.phoenixcontact-software.com" handleUnknown="preserve"><fbData fbFuType="0"/></data></addData><inputVariables><variable formalParameter="IN" negated="false"><connectionPointIn><relPosition x="-2" y="4"/><connection refLocalId="33"><position x="38" y="88"/><position x="27" y="88"/></connection></connectionPointIn><addData><data name="http://www.phoenixcontact-software.com" handleUnknown="preserve"><fp localId="26" inState="129" outState="0" width="5" height="2" positionX="38" positionY="88" flagType="" dataType="SAFEBOOL"/></data></addData></variable><variable formalParameter="PT"><connectionPointIn><relPosition x="-2" y="8"/><connection refLocalId="38"/></connectionPointIn><addData><data name="http://www.phoenixcontact-software.com" handleUnknown="preserve"><fp localId="27" inState="128" outState="0" width="5" height="2" positionX="38" positionY="92" flagType="" dataType="SAFETIME"/></data></addData></variable></inputVariables><inOutVariables/><outputVariables><variable formalParameter="Q" negated="false"><connectionPointOut><relPosition x="11" y="4"/></connectionPointOut><addData><data name="http://www.phoenixcontact-software.com" handleUnknown="preserve"><fp localId="28" inState="0" outState="129" width="3" height="2" positionX="51" positionY="88" flagType="" dataType="SAFEBOOL"/></data></addData></variable><variable formalParameter="ET"><connectionPointOut><relPosition x="11" y="8"/></connectionPointOut><addData><data name="http://www.phoenixcontact-software.com" handleUnknown="preserve"><fp localId="29" inState="0" outState="128" width="4" height="2" positionX="51" positionY="92" flagType="" dataType="SAFETIME"/></data></addData></variable></outputVariables></block><contact localId="33" height="2" width="21" negated="false"><position x="6" y="87"/><connectionPointIn><relPosition x="0" y="1"/><connection refLocalId="8"><position x="6" y="88"/><position x="6" y="72"/></connection></connectionPointIn><connectionPointOut><relPosition x="21" y="1"/></connectionPointOut><variable>mBlinkingClock</variable><addData><data name="http://www.phoenixcontact-software.com" handleUnknown="preserve"><contactData contactWidth="9"/></data></addData></contact><inVariable localId="38" height="2" width="19"><position x="19" y="91"/><expression>SAFETIME#500ms</expression><connectionPointOut><relPosition x="19" y="1"/></connectionPointOut></inVariable><leftPowerRail localId="39" height="0" width="2"><position x="4" y="310"/><connectionPointOut><relPosition x="2" y="0"/></connectionPointOut></leftPowerRail><rightPowerRail localId="40" height="0" width="2"><position x="142" y="310"/><connectionPointIn><relPosition x="0" y="0"/><connection refLocalId="150"/></connectionPointIn></rightPowerRail><contact localId="41" height="2" width="21" negated="false"><position x="6" y="309"/><connectionPointIn><relPosition x="0" y="1"/><connection refLocalId="39"/></connectionPointIn><connectionPointOut><relPosition x="21" y="1"/></connectionPointOut><variable>mEmStopOk</variable><addData><data name="http://www.phoenixcontact-software.com" handleUnknown="preserve"><contactData contactWidth="9"/></data></addData></contact><contact localId="42" height="2" width="21" negated="false"><position x="48" y="309"/><connectionPointIn><relPosition x="0" y="1"/><connection refLocalId="69"/></connectionPointIn><connectionPointOut><relPosition x="21" y="1"/></connectionPointOut><variable>giGuardLock1Closed</variable><addData><data name="http://www.phoenixcontact-software.com" handleUnknown="preserve"><contactData contactWidth="9"/></data></addData></contact><block localId="47" height="12" width="9" typeName="TON_S" instanceName="TON_S_PowerOnR"><position x="107" y="348"/><addData><data name="http://www.phoenixcontact-software.com" handleUnknown="preserve"><fbData fbFuType="0"/></data></addData><inputVariables><variable formalParameter="IN" negated="false"><connectionPointIn><relPosition x="-2" y="4"/><connection refLocalId="90" formalParameter="S_EDM_Out"><addData><data name="http://www.phoenixcontact-software.com" handleUnknown="preserve"><connectedFormalparameter refLocalId="87"/></data></addData><position x="105" y="352"/><position x="102" y="352"/><position x="102" y="335"/><position x="78" y="335"/></connection></connectionPointIn><addData><data name="http://www.phoenixcontact-software.com" handleUnknown="preserve"><fp localId="43" inState="129" outState="0" width="5" height="2" positionX="105" positionY="352" flagType="" dataType="SAFEBOOL"/></data></addData></variable><variable formalParameter="PT"><connectionPointIn><relPosition x="-2" y="8"/><connection refLocalId="50"/></connectionPointIn><addData><data name="http://www.phoenixcontact-software.com" handleUnknown="preserve"><fp localId="44" inState="128" outState="0" width="5" height="2" positionX="105" positionY="356" flagType="" dataType="SAFETIME"/></data></addData></variable></inputVariables><inOutVariables/><outputVariables><variable formalParameter="Q" negated="false"><connectionPointOut><relPosition x="11" y="4"/></connectionPointOut><addData><data name="http://www.phoenixcontact-software.com" handleUnknown="preserve"><fp localId="45" inState="0" outState="129" width="3" height="2" positionX="118" positionY="352" flagType="" dataType="SAFEBOOL"/></data></addData></variable><variable formalParameter="ET"><connectionPointOut><relPosition x="11" y="8"/></connectionPointOut><addData><data name="http://www.phoenixcontact-software.com" handleUnknown="preserve"><fp localId="46" inState="0" outState="128" width="4" height="2" positionX="118" positionY="356" flagType="" dataType="SAFETIME"/></data></addData></variable></outputVariables></block><coil localId="49" height="2" width="21" negated="false"><position x="121" y="351"/><connectionPointIn><relPosition x="0" y="1"/><connection refLocalId="47" formalParameter="Q"><addData><data name="http://www.phoenixcontact-software.com" handleUnknown="preserve"><connectedFormalparameter refLocalId="45"/></data></addData><position x="121" y="352"/><position x="118" y="352"/></connection></connectionPointIn><connectionPointOut><relPosition x="21" y="1"/></connectionPointOut><variable>goPowerOn1R</variable><addData><data name="http://www.phoenixcontact-software.com" handleUnknown="preserve"><contactData contactWidth="9"/></data></addData></coil><inVariable localId="50" height="2" width="17"><position x="88" y="355"/><expression>SAFETIME#50ms</expression><connectionPointOut><relPosition x="17" y="1"/></connectionPointOut></inVariable><block localId="63" height="32" width="35" typeName="SafetyRun" instanceName="mSafetyRun"><position x="63" y="13"/><addData><data name="http://www.phoenixcontact-software.com" handleUnknown="preserve"><fbData fbFuType="0"/></data></addData><inputVariables><variable formalParameter="iResetSafe" negated="false"><connectionPointIn><relPosition x="-2" y="4"/><connection refLocalId="68"/></connectionPointIn><addData><data name="http://www.phoenixcontact-software.com" handleUnknown="preserve"><fp localId="51" inState="129" outState="0" width="13" height="2" positionX="61" positionY="17" flagType="" dataType="SAFEBOOL"/></data></addData></variable><variable formalParameter="iReset" negated="false"><connectionPointIn><relPosition x="-2" y="8"/></connectionPointIn><addData><data name="http://www.phoenixcontact-software.com" handleUnknown="preserve"><fp localId="52" inState="129" outState="0" width="9" height="2" positionX="61" positionY="21" flagType="" dataType="BOOL"/></data></addData></variable><variable formalParameter="iSetup" negated="false"><connectionPointIn><relPosition x="-2" y="12"/></connectionPointIn><addData><data name="http://www.phoenixcontact-software.com" handleUnknown="preserve"><fp localId="53" inState="129" outState="0" width="9" height="2" positionX="61" positionY="25" flagType="" dataType="SAFEBOOL"/></data></addData></variable><variable formalParameter="iSetupNotHalt" negated="false"><connectionPointIn><relPosition x="-2" y="16"/></connectionPointIn><addData><data name="http://www.phoenixcontact-software.com" handleUnknown="preserve"><fp localId="54" inState="129" outState="0" width="15" height="2" positionX="61" positionY="29" flagType="" dataType="SAFEBOOL"/></data></addData></variable><variable formalParameter="iMaxTimeSetup"><connectionPointIn><relPosition x="-2" y="20"/></connectionPointIn><addData><data name="http://www.phoenixcontact-software.com" handleUnknown="preserve"><fp localId="55" inState="128" outState="0" width="16" height="2" positionX="61" positionY="33" flagType="" dataType="SAFETIME"/></data></addData></variable></inputVariables><inOutVariables/><outputVariables><variable formalParameter="oFirstCycle" negated="false"><connectionPointOut><relPosition x="37" y="4"/></connectionPointOut><addData><data name="http://www.phoenixcontact-software.com" handleUnknown="preserve"><fp localId="56" inState="0" outState="129" width="12" height="2" positionX="100" positionY="17" flagType="" dataType="SAFEBOOL"/></data></addData></variable><variable formalParameter="oSafetyRun" negated="false"><connectionPointOut><relPosition x="37" y="8"/></connectionPointOut><addData><data name="http://www.phoenixcontact-software.com" handleUnknown="preserve"><fp localId="57" inState="0" outState="129" width="13" height="2" positionX="100" positionY="21" flagType="" dataType="SAFEBOOL"/></data></addData></variable><variable formalParameter="oRun" negated="false"><connectionPointOut><relPosition x="37" y="12"/></connectionPointOut><addData><data name="http://www.phoenixcontact-software.com" handleUnknown="preserve"><fp localId="58" inState="0" outState="129" width="6" height="2" positionX="100" positionY="25" flagType="" dataType="BOOL"/></data></addData></variable><variable formalParameter="oReset" negated="false"><connectionPointOut><relPosition x="37" y="16"/></connectionPointOut><addData><data name="http://www.phoenixcontact-software.com" handleUnknown="preserve"><fp localId="59" inState="0" outState="129" width="8" height="2" positionX="100" positionY="29" flagType="" dataType="SAFEBOOL"/></data></addData></variable><variable formalParameter="oResetPosEdge" negated="false"><connectionPointOut><relPosition x="37" y="20"/></connectionPointOut><addData><data name="http://www.phoenixcontact-software.com" handleUnknown="preserve"><fp localId="60" inState="0" outState="129" width="16" height="2" positionX="100" positionY="33" flagType="" dataType="SAFEBOOL"/></data></addData></variable><variable formalParameter="oResetNegEdge" negated="false"><connectionPointOut><relPosition x="37" y="24"/></connectionPointOut><addData><data name="http://www.phoenixcontact-software.com" handleUnknown="preserve"><fp localId="61" inState="0" outState="129" width="16" height="2" positionX="100" positionY="37" flagType="" dataType="SAFEBOOL"/></data></addData></variable><variable formalParameter="oSetupModeActive" negated="false"><connectionPointOut><relPosition x="37" y="28"/></connectionPointOut><addData><data name="http://www.phoenixcontact-software.com" handleUnknown="preserve"><fp localId="62" inState="0" outState="129" width="19" height="2" positionX="100" positionY="41" flagType="" dataType="SAFEBOOL"/></data></addData></variable></outputVariables></block><outVariable localId="65" height="2" width="19"><position x="100" y="20"/><expression>goSafeLogicRun</expression><connectionPointIn><relPosition x="0" y="1"/><connection refLocalId="63" formalParameter="oSafetyRun"><addData><data name="http://www.phoenixcontact-software.com" handleUnknown="preserve"><connectedFormalparameter refLocalId="57"/></data></addData></connection></connectionPointIn></outVariable><comment localId="66" height="3" width="35"><position x="120" y="19"/><content><html xmlns="http://www.w3.org/1999/xhtml"><head><title/></head><body><p style="color:#000000;font-family:Arial;font-weight:normal;font-style:normal;font-size:12pt;">An SPS melden, dass SafeLogik laeuft</p></body></html></content></comment><outVariable localId="67" height="2" width="17"><position x="100" y="32"/><expression>mResetPosEdge</expression><connectionPointIn><relPosition x="0" y="1"/><connection refLocalId="63" formalParameter="oResetPosEdge"><addData><data name="http://www.phoenixcontact-software.com" handleUnknown="preserve"><connectedFormalparameter refLocalId="60"/></data></addData></connection></connectionPointIn></outVariable><inVariable localId="68" height="2" width="15"><position x="46" y="16"/><expression>giSafetyQuit</expression><connectionPointOut><relPosition x="15" y="1"/></connectionPointOut></inVariable><contact localId="69" height="2" width="21" negated="true"><position x="27" y="309"/><connectionPointIn><relPosition x="0" y="1"/><connection refLocalId="41"/></connectionPointIn><connectionPointOut><relPosition x="21" y="1"/></connectionPointOut><variable>mUnlockGuard</variable><addData><data name="http://www.phoenixcontact-software.com" handleUnknown="preserve"><contactData contactWidth="9"/></data></addData></contact><inVariable localId="70" height="2" width="16"><position x="72" y="185"/><expression>mBlinkingClock</expression><connectionPointOut><relPosition x="16" y="1"/></connectionPointOut></inVariable><coil localId="72" height="2" width="21" negated="false"><position x="121" y="342"/><connectionPointIn><relPosition x="0" y="1"/><connection refLocalId="90" formalParameter="S_EDM_Out"><addData><data name="http://www.phoenixcontact-software.com" handleUnknown="preserve"><connectedFormalparameter refLocalId="87"/></data></addData><position x="121" y="343"/><position x="121" y="335"/><position x="102" y="335"/><position x="78" y="335"/></connection></connectionPointIn><connectionPointOut><relPosition x="21" y="1"/></connectionPointOut><variable>goPowerOn2</variable><addData><data name="http://www.phoenixcontact-software.com" handleUnknown="preserve"><contactData contactWidth="9"/></data></addData></coil><coil localId="75" height="2" width="21" negated="false"><position x="121" y="359"/><connectionPointIn><relPosition x="0" y="1"/><connection refLocalId="47" formalParameter="Q"><addData><data name="http://www.phoenixcontact-software.com" handleUnknown="preserve"><connectedFormalparameter refLocalId="45"/></data></addData><position x="121" y="360"/><position x="121" y="352"/><position x="118" y="352"/></connection></connectionPointIn><connectionPointOut><relPosition x="21" y="1"/></connectionPointOut><variable>goPowerOn2R</variable><addData><data name="http://www.phoenixcontact-software.com" handleUnknown="preserve"><contactData contactWidth="9"/></data></addData></coil><block localId="90" height="32" width="33" typeName="SF_EDM_V1_00" instanceName="SF_EDM_V1_00_LeistEin"><position x="43" y="327"/><addData><data name="http://www.phoenixcontact-software.com" handleUnknown="preserve"><fbData fbFuType="0"/></data></addData><inputVariables><variable formalParameter="Activate"><connectionPointIn><relPosition x="-2" y="4"/><connection refLocalId="97"/></connectionPointIn><addData><data name="http://www.phoenixcontact-software.com" handleUnknown="preserve"><fp localId="79" inState="128" outState="0" width="11" height="2" positionX="41" positionY="331" flagType="" dataType="BOOL"/></data></addData></variable><variable formalParameter="S_OutControl"><connectionPointIn><relPosition x="-2" y="8"/><connection refLocalId="2"><position x="41" y="335"/><position x="27" y="335"/></connection></connectionPointIn><addData><data name="http://www.phoenixcontact-software.com" handleUnknown="preserve"><fp localId="80" inState="128" outState="0" width="17" height="2" positionX="41" positionY="335" flagType="" dataType="SAFEBOOL"/></data></addData></variable><variable formalParameter="S_EDM1"><connectionPointIn><relPosition x="-2" y="12"/><connection refLocalId="95"><position x="41" y="339"/><position x="39" y="339"/><position x="37" y="339"/></connection></connectionPointIn><addData><data name="http://www.phoenixcontact-software.com" handleUnknown="preserve"><fp localId="81" inState="128" outState="0" width="11" height="2" positionX="41" positionY="339" flagType="" dataType="SAFEBOOL"/></data></addData></variable><variable formalParameter="S_EDM2"><connectionPointIn><relPosition x="-2" y="16"/><connection refLocalId="95"><position x="41" y="343"/><position x="39" y="343"/><position x="39" y="339"/><position x="37" y="339"/></connection></connectionPointIn><addData><data name="http://www.phoenixcontact-software.com" handleUnknown="preserve"><fp localId="82" inState="128" outState="0" width="11" height="2" positionX="41" positionY="343" flagType="" dataType="SAFEBOOL"/></data></addData></variable><variable formalParameter="MonitoringTime"><connectionPointIn><relPosition x="-2" y="20"/><connection refLocalId="94"/></connectionPointIn><addData><data name="http://www.phoenixcontact-software.com" handleUnknown="preserve"><fp localId="83" inState="128" outState="0" width="19" height="2" positionX="41" positionY="347" flagType="" dataType="TIME"/></data></addData></variable><variable formalParameter="S_StartReset"><connectionPointIn><relPosition x="-2" y="24"/><connection refLocalId="93"/></connectionPointIn><addData><data name="http://www.phoenixcontact-software.com" handleUnknown="preserve"><fp localId="84" inState="128" outState="0" width="17" height="2" positionX="41" positionY="351" flagType="" dataType="SAFEBOOL"/></data></addData></variable><variable formalParameter="Reset"><connectionPointIn><relPosition x="-2" y="28"/><connection refLocalId="92"/></connectionPointIn><addData><data name="http://www.phoenixcontact-software.com" handleUnknown="preserve"><fp localId="85" inState="128" outState="0" width="9" height="2" positionX="41" positionY="355" flagType="" dataType="BOOL"/></data></addData></variable></inputVariables><inOutVariables/><outputVariables><variable formalParameter="Ready"><connectionPointOut><relPosition x="35" y="4"/></connectionPointOut><addData><data name="http://www.phoenixcontact-software.com" handleUnknown="preserve"><fp localId="86" inState="0" outState="128" width="8" height="2" positionX="78" positionY="331" flagType="" dataType="BOOL"/></data></addData></variable><variable formalParameter="S_EDM_Out"><connectionPointOut><relPosition x="35" y="8"/></connectionPointOut><addData><data name="http://www.phoenixcontact-software.com" handleUnknown="preserve"><fp localId="87" inState="0" outState="128" width="14" height="2" positionX="78" positionY="335" flagType="" dataType="SAFEBOOL"/></data></addData></variable><variable formalParameter="Error"><connectionPointOut><relPosition x="35" y="12"/></connectionPointOut><addData><data name="http://www.phoenixcontact-software.com" handleUnknown="preserve"><fp localId="88" inState="0" outState="128" width="7" height="2" positionX="78" positionY="339" flagType="" dataType="BOOL"/></data></addData></variable><variable formalParameter="DiagCode"><connectionPointOut><relPosition x="35" y="16"/></connectionPointOut><addData><data name="http://www.phoenixcontact-software.com" handleUnknown="preserve"><fp localId="89" inState="0" outState="128" width="12" height="2" positionX="78" positionY="343" flagType="" dataType="WORD"/></data></addData></variable></outputVariables></block><inVariable localId="92" height="2" width="19"><position x="22" y="354"/><expression>mResetNegEdge</expression><connectionPointOut><relPosition x="19" y="1"/></connectionPointOut></inVariable><inVariable localId="93" height="2" width="13"><position x="28" y="350"/><expression>SAFETRUE</expression><connectionPointOut><relPosition x="13" y="1"/></connectionPointOut></inVariable><inVariable localId="94" height="2" width="16"><position x="25" y="346"/><expression>TIME#250ms</expression><connectionPointOut><relPosition x="16" y="1"/></connectionPointOut></inVariable><inVariable localId="95" height="2" width="16"><position x="21" y="338"/><expression>giFBPowerOn</expression><connectionPointOut><relPosition x="16" y="1"/></connectionPointOut></inVariable><inVariable localId="97" height="2" width="13"><position x="28" y="330"/><expression>SAFETRUE</expression><connectionPointOut><relPosition x="13" y="1"/></connectionPointOut></inVariable><comment localId="104" height="4" width="13"><position x="4" y="301"/><content><html xmlns="http://www.w3.org/1999/xhtml"><head><title/></head><body><p style="color:#000000;font-family:Arial;font-weight:normal;font-style:normal;font-size:14pt;">Safety Ok</p></body></html></content></comment><outVariable localId="105" height="2" width="19"><position x="100" y="36"/><expression>mResetNegEdge</expression><connectionPointIn><relPosition x="0" y="1"/><connection refLocalId="63" formalParameter="oResetNegEdge"><addData><data name="http://www.phoenixcontact-software.com" handleUnknown="preserve"><connectedFormalparameter refLocalId="61"/></data></addData></connection></connectionPointIn></outVariable><block localId="115" height="24" width="32" typeName="SF_EmergencyStop_V1_00" instanceName="SF_EmergencyStop_Main"><position x="39" y="118"/><addData><data name="http://www.phoenixcontact-software.com" handleUnknown="preserve"><fbData fbFuType="0"/></data></addData><inputVariables><variable formalParameter="Activate"><connectionPointIn><relPosition x="-2" y="4"/><connection refLocalId="117"/></connectionPointIn><addData><data name="http://www.phoenixcontact-software.com" handleUnknown="preserve"><fp localId="106" inState="128" outState="0" width="11" height="2" positionX="37" positionY="122" flagType="" dataType="BOOL"/></data></addData></variable><variable formalParameter="S_EStopIn"><connectionPointIn><relPosition x="-2" y="8"/><connection refLocalId="118"/></connectionPointIn><addData><data name="http://www.phoenixcontact-software.com" handleUnknown="preserve"><fp localId="107" inState="128" outState="0" width="14" height="2" positionX="37" positionY="126" flagType="" dataType="SAFEBOOL"/></data></addData></variable><variable formalParameter="S_StartReset"><connectionPointIn><relPosition x="-2" y="12"/><connection refLocalId="121"/></connectionPointIn><addData><data name="http://www.phoenixcontact-software.com" handleUnknown="preserve"><fp localId="108" inState="128" outState="0" width="17" height="2" positionX="37" positionY="130" flagType="" dataType="SAFEBOOL"/></data></addData></variable><variable formalParameter="S_AutoReset"><connectionPointIn><relPosition x="-2" y="16"/><connection refLocalId="120"/></connectionPointIn><addData><data name="http://www.phoenixcontact-software.com" handleUnknown="preserve"><fp localId="109" inState="128" outState="0" width="17" height="2" positionX="37" positionY="134" flagType="" dataType="SAFEBOOL"/></data></addData></variable><variable formalParameter="Reset"><connectionPointIn><relPosition x="-2" y="20"/><connection refLocalId="119"/></connectionPointIn><addData><data name="http://www.phoenixcontact-software.com" handleUnknown="preserve"><fp localId="110" inState="128" outState="0" width="9" height="2" positionX="37" positionY="138" flagType="" dataType="BOOL"/></data></addData></variable></inputVariables><inOutVariables/><outputVariables><variable formalParameter="Ready"><connectionPointOut><relPosition x="34" y="4"/></connectionPointOut><addData><data name="http://www.phoenixcontact-software.com" handleUnknown="preserve"><fp localId="111" inState="0" outState="128" width="8" height="2" positionX="73" positionY="122" flagType="" dataType="BOOL"/></data></addData></variable><variable formalParameter="S_EStopOut"><connectionPointOut><relPosition x="34" y="8"/></connectionPointOut><addData><data name="http://www.phoenixcontact-software.com" handleUnknown="preserve"><fp localId="112" inState="0" outState="128" width="15" height="2" positionX="73" positionY="126" flagType="" dataType="SAFEBOOL"/></data></addData></variable><variable formalParameter="Error"><connectionPointOut><relPosition x="34" y="12"/></connectionPointOut><addData><data name="http://www.phoenixcontact-software.com" handleUnknown="preserve"><fp localId="113" inState="0" outState="128" width="7" height="2" positionX="73" positionY="130" flagType="" dataType="BOOL"/></data></addData></variable><variable formalParameter="DiagCode"><connectionPointOut><relPosition x="34" y="16"/></connectionPointOut><addData><data name="http://www.phoenixcontact-software.com" handleUnknown="preserve"><fp localId="114" inState="0" outState="128" width="12" height="2" positionX="73" positionY="134" flagType="" dataType="WORD"/></data></addData></variable></outputVariables></block><inVariable localId="117" height="2" width="13"><position x="24" y="121"/><expression>SAFETRUE</expression><connectionPointOut><relPosition x="13" y="1"/></connectionPointOut></inVariable><inVariable localId="118" height="2" width="16"><position x="21" y="125"/><expression>giEmStopSS1</expression><connectionPointOut><relPosition x="16" y="1"/></connectionPointOut></inVariable><inVariable localId="119" height="2" width="19"><position x="18" y="137"/><expression>mResetNegEdge</expression><connectionPointOut><relPosition x="19" y="1"/></connectionPointOut></inVariable><inVariable localId="120" height="2" width="14"><position x="23" y="133"/><expression>SAFEFALSE</expression><connectionPointOut><relPosition x="14" y="1"/></connectionPointOut></inVariable><inVariable localId="121" height="2" width="13"><position x="24" y="129"/><expression>SAFETRUE</expression><connectionPointOut><relPosition x="13" y="1"/></connectionPointOut></inVariable><outVariable localId="122" height="2" width="18"><position x="73" y="125"/><expression>mEmStopSSOk</expression><connectionPointIn><relPosition x="0" y="1"/><connection refLocalId="115" formalParameter="S_EStopOut"><addData><data name="http://www.phoenixcontact-software.com" handleUnknown="preserve"><connectedFormalparameter refLocalId="112"/></data></addData></connection></connectionPointIn></outVariable><comment localId="123" height="4" width="42"><position x="4" y="108"/><content><html xmlns="http://www.w3.org/1999/xhtml"><head><title/></head><body><p style="color:#000000;font-family:Arial;font-weight:normal;font-style:normal;font-size:14pt;">Emergency Stop Main Switch Board</p></body></html></content></comment><contact localId="124" height="2" width="21" negated="false"><position x="6" y="148"/><connectionPointIn><relPosition x="0" y="1"/><connection refLocalId="126"/></connectionPointIn><connectionPointOut><relPosition x="21" y="1"/></connectionPointOut><variable>mEmStopSSOk</variable><addData><data name="http://www.phoenixcontact-software.com" handleUnknown="preserve"><contactData contactWidth="9"/></data></addData></contact><coil localId="125" height="2" width="21" negated="false"><position x="116" y="148"/><connectionPointIn><relPosition x="0" y="1"/><connection refLocalId="124"><position x="116" y="149"/><position x="27" y="149"/></connection></connectionPointIn><connectionPointOut><relPosition x="21" y="1"/></connectionPointOut><variable>mEmStopOk</variable><addData><data name="http://www.phoenixcontact-software.com" handleUnknown="preserve"><contactData contactWidth="9"/></data></addData></coil><leftPowerRail localId="126" height="0" width="2"><position x="4" y="149"/><connectionPointOut><relPosition x="2" y="0"/></connectionPointOut></leftPowerRail><rightPowerRail localId="127" height="0" width="2"><position x="137" y="149"/><connectionPointIn><relPosition x="0" y="0"/><connection refLocalId="125"/><connection refLocalId="147"><position x="137" y="149"/><position x="137" y="157"/></connection></connectionPointIn></rightPowerRail><comment localId="128" height="4" width="14"><position x="4" y="172"/><content><html xmlns="http://www.w3.org/1999/xhtml"><head><title/></head><body><p style="color:#000000;font-family:Arial;font-weight:normal;font-style:normal;font-size:14pt;">Guard Lock</p></body></html></content></comment><inVariable localId="129" height="2" width="22"><position x="66" y="189"/><expression>giReqGuardUnlock1</expression><connectionPointOut><relPosition x="22" y="1"/></connectionPointOut></inVariable><inVariable localId="130" height="2" width="23"><position x="65" y="193"/><expression>giGuardLock1Closed</expression><connectionPointOut><relPosition x="23" y="1"/></connectionPointOut></inVariable><outVariable localId="131" height="2" width="17"><position x="132" y="193"/><expression>goLampGuard</expression><connectionPointIn><relPosition x="0" y="1"/><connection refLocalId="195" formalParameter="oLamp"><addData><data name="http://www.phoenixcontact-software.com" handleUnknown="preserve"><connectedFormalparameter refLocalId="194"/></data></addData></connection></connectionPointIn></outVariable><outVariable localId="132" height="2" width="17"><position x="132" y="185"/><expression>mUnlockGuard</expression><connectionPointIn><relPosition x="0" y="1"/><connection refLocalId="195" formalParameter="oReqUnlock"><addData><data name="http://www.phoenixcontact-software.com" handleUnknown="preserve"><connectedFormalparameter refLocalId="192"/></data></addData></connection></connectionPointIn></outVariable><contact localId="133" height="2" width="21" negated="true"><position x="6" y="256"/><connectionPointIn><relPosition x="0" y="1"/><connection refLocalId="135"/></connectionPointIn><connectionPointOut><relPosition x="21" y="1"/></connectionPointOut><variable>mUnlockGuard</variable><addData><data name="http://www.phoenixcontact-software.com" handleUnknown="preserve"><contactData contactWidth="9"/></data></addData></contact><coil localId="134" height="2" width="21" negated="false"><position x="121" y="256"/><connectionPointIn><relPosition x="0" y="1"/><connection refLocalId="133"><position x="121" y="257"/><position x="73" y="257"/><position x="27" y="257"/></connection></connectionPointIn><connectionPointOut><relPosition x="21" y="1"/></connectionPointOut><variable>goCloseGuardLock1</variable><addData><data name="http://www.phoenixcontact-software.com" handleUnknown="preserve"><contactData contactWidth="9"/></data></addData></coil><leftPowerRail localId="135" height="0" width="2"><position x="4" y="257"/><connectionPointOut><relPosition x="2" y="0"/></connectionPointOut></leftPowerRail><rightPowerRail localId="136" height="19" width="2"><position x="142" y="257"/><connectionPointIn><relPosition x="0" y="0"/><connection refLocalId="134"/><connection refLocalId="154"><position x="142" y="257"/><position x="142" y="265"/></connection></connectionPointIn><connectionPointIn><relPosition x="0" y="19"/><connection refLocalId="144"/><connection refLocalId="157"><position x="142" y="276"/><position x="142" y="284"/></connection></connectionPointIn></rightPowerRail><inVariable localId="138" height="2" width="20"><position x="81" y="279"/><expression>SAFETIME#50ms</expression><connectionPointOut><relPosition x="20" y="1"/></connectionPointOut></inVariable><block localId="143" height="12" width="9" typeName="TON_S" instanceName="TON_S_CloseGuardR"><position x="103" y="272"/><addData><data name="http://www.phoenixcontact-software.com" handleUnknown="preserve"><fbData fbFuType="0"/></data></addData><inputVariables><variable formalParameter="IN" negated="false"><connectionPointIn><relPosition x="-2" y="4"/><connection refLocalId="133"><position x="101" y="276"/><position x="73" y="276"/><position x="73" y="257"/><position x="27" y="257"/></connection></connectionPointIn><addData><data name="http://www.phoenixcontact-software.com" handleUnknown="preserve"><fp localId="139" inState="129" outState="0" width="5" height="2" positionX="101" positionY="276" flagType="" dataType="SAFEBOOL"/></data></addData></variable><variable formalParameter="PT"><connectionPointIn><relPosition x="-2" y="8"/><connection refLocalId="138"/></connectionPointIn><addData><data name="http://www.phoenixcontact-software.com" handleUnknown="preserve"><fp localId="140" inState="128" outState="0" width="5" height="2" positionX="101" positionY="280" flagType="" dataType="SAFETIME"/></data></addData></variable></inputVariables><inOutVariables/><outputVariables><variable formalParameter="Q" negated="false"><connectionPointOut><relPosition x="11" y="4"/></connectionPointOut><addData><data name="http://www.phoenixcontact-software.com" handleUnknown="preserve"><fp localId="141" inState="0" outState="129" width="3" height="2" positionX="114" positionY="276" flagType="" dataType="SAFEBOOL"/></data></addData></variable><variable formalParameter="ET"><connectionPointOut><relPosition x="11" y="8"/></connectionPointOut><addData><data name="http://www.phoenixcontact-software.com" handleUnknown="preserve"><fp localId="142" inState="0" outState="128" width="4" height="2" positionX="114" positionY="280" flagType="" dataType="SAFETIME"/></data></addData></variable></outputVariables></block><coil localId="144" height="2" width="21" negated="false"><position x="121" y="275"/><connectionPointIn><relPosition x="0" y="1"/><connection refLocalId="143" formalParameter="Q"><addData><data name="http://www.phoenixcontact-software.com" handleUnknown="preserve"><connectedFormalparameter refLocalId="141"/></data></addData><position x="121" y="276"/><position x="114" y="276"/></connection></connectionPointIn><connectionPointOut><relPosition x="21" y="1"/></connectionPointOut><variable>goCloseGuardLock1R</variable><addData><data name="http://www.phoenixcontact-software.com" handleUnknown="preserve"><contactData contactWidth="9"/></data></addData></coil><outVariable localId="145" height="2" width="20"><position x="78" y="338"/><expression>goErrFBPowerOn</expression><connectionPointIn><relPosition x="0" y="1"/><connection refLocalId="90" formalParameter="Error"><addData><data name="http://www.phoenixcontact-software.com" handleUnknown="preserve"><connectedFormalparameter refLocalId="88"/></data></addData></connection></connectionPointIn></outVariable><coil localId="147" height="2" width="21" negated="false"><position x="116" y="156"/><connectionPointIn><relPosition x="0" y="1"/><connection refLocalId="124"><position x="116" y="157"/><position x="116" y="149"/><position x="27" y="149"/></connection></connectionPointIn><connectionPointOut><relPosition x="21" y="1"/></connectionPointOut><variable>goEmStopSS1Ok</variable><addData><data name="http://www.phoenixcontact-software.com" handleUnknown="preserve"><contactData contactWidth="9"/></data></addData></coil><coil localId="150" height="2" width="21" negated="false"><position x="121" y="309"/><connectionPointIn><relPosition x="0" y="1"/><connection refLocalId="152"><position x="121" y="310"/><position x="90" y="310"/></connection></connectionPointIn><connectionPointOut><relPosition x="21" y="1"/></connectionPointOut><variable>goSafetyOk</variable><addData><data name="http://www.phoenixcontact-software.com" handleUnknown="preserve"><contactData contactWidth="9"/></data></addData></coil><outVariable localId="151" height="2" width="18"><position x="132" y="189"/><expression>goGuardLocked</expression><connectionPointIn><relPosition x="0" y="1"/><connection refLocalId="195" formalParameter="oGuardLocked"><addData><data name="http://www.phoenixcontact-software.com" handleUnknown="preserve"><connectedFormalparameter refLocalId="193"/></data></addData></connection></connectionPointIn></outVariable><contact localId="152" height="2" width="21" negated="false"><position x="69" y="309"/><connectionPointIn><relPosition x="0" y="1"/><connection refLocalId="42"/></connectionPointIn><connectionPointOut><relPosition x="21" y="1"/></connectionPointOut><variable>goGuardLocked</variable><addData><data name="http://www.phoenixcontact-software.com" handleUnknown="preserve"><contactData contactWidth="9"/></data></addData></contact><coil localId="154" height="2" width="21" negated="false"><position x="121" y="264"/><connectionPointIn><relPosition x="0" y="1"/><connection refLocalId="133"><position x="121" y="265"/><position x="121" y="257"/><position x="73" y="257"/><position x="27" y="257"/></connection></connectionPointIn><connectionPointOut><relPosition x="21" y="1"/></connectionPointOut><variable>goCloseGuardLock2</variable><addData><data name="http://www.phoenixcontact-software.com" handleUnknown="preserve"><contactData contactWidth="9"/></data></addData></coil><coil localId="157" height="2" width="21" negated="false"><position x="121" y="283"/><connectionPointIn><relPosition x="0" y="1"/><connection refLocalId="143" formalParameter="Q"><addData><data name="http://www.phoenixcontact-software.com" handleUnknown="preserve"><connectedFormalparameter refLocalId="141"/></data></addData><position x="121" y="284"/><position x="121" y="276"/><position x="114" y="276"/></connection></connectionPointIn><connectionPointOut><relPosition x="21" y="1"/></connectionPointOut><variable>goCloseGuardLock2R</variable><addData><data name="http://www.phoenixcontact-software.com" handleUnknown="preserve"><contactData contactWidth="9"/></data></addData></coil><coil localId="161" height="2" width="21" negated="false"><position x="121" y="380"/><connectionPointIn><relPosition x="0" y="1"/><connection refLocalId="162"/></connectionPointIn><connectionPointOut><relPosition x="21" y="1"/></connectionPointOut><variable>goLampSiReset</variable><addData><data name="http://www.phoenixcontact-software.com" handleUnknown="preserve"><contactData contactWidth="9"/></data></addData></coil><contact localId="162" height="2" width="21" negated="false"><position x="100" y="380"/><connectionPointIn><relPosition x="0" y="1"/><connection refLocalId="178"><position x="100" y="381"/><position x="60" y="381"/><position x="27" y="381"/></connection><connection refLocalId="201"><position x="100" y="381"/><position x="60" y="381"/><position x="27" y="381"/><position x="27" y="389"/></connection><connection refLocalId="211"><position x="100" y="381"/><position x="60" y="381"/><position x="60" y="405"/><position x="48" y="405"/></connection><connection refLocalId="204"><position x="100" y="381"/><position x="60" y="381"/><position x="27" y="381"/><position x="27" y="389"/><position x="27" y="397"/></connection></connectionPointIn><connectionPointOut><relPosition x="21" y="1"/></connectionPointOut><variable>mBlinkingClock</variable><addData><data name="http://www.phoenixcontact-software.com" handleUnknown="preserve"><contactData contactWidth="9"/></data></addData></contact><leftPowerRail localId="163" height="0" width="2"><position x="4" y="381"/><connectionPointOut><relPosition x="2" y="0"/></connectionPointOut></leftPowerRail><rightPowerRail localId="164" height="0" width="2"><position x="142" y="381"/><connectionPointIn><relPosition x="0" y="0"/><connection refLocalId="161"/></connectionPointIn></rightPowerRail><contact localId="169" height="2" width="21" negated="false"><position x="6" y="423"/><connectionPointIn><relPosition x="0" y="1"/><connection refLocalId="171"/></connectionPointIn><connectionPointOut><relPosition x="21" y="1"/></connectionPointOut><variable>giSafetyQuit</variable><addData><data name="http://www.phoenixcontact-software.com" handleUnknown="preserve"><contactData contactWidth="9"/></data></addData></contact><coil localId="170" height="2" width="21" negated="false"><position x="121" y="423"/><connectionPointIn><relPosition x="0" y="1"/><connection refLocalId="169"><position x="121" y="424"/><position x="27" y="424"/></connection></connectionPointIn><connectionPointOut><relPosition x="21" y="1"/></connectionPointOut><variable>goSiReset</variable><addData><data name="http://www.phoenixcontact-software.com" handleUnknown="preserve"><contactData contactWidth="9"/></data></addData></coil><leftPowerRail localId="171" height="0" width="2"><position x="4" y="424"/><connectionPointOut><relPosition x="2" y="0"/></connectionPointOut></leftPowerRail><rightPowerRail localId="172" height="0" width="2"><position x="142" y="424"/><connectionPointIn><relPosition x="0" y="0"/><connection refLocalId="170"/></connectionPointIn></rightPowerRail><inVariable localId="174" height="2" width="27"><position x="2" y="201"/><expression>giSafetyForUnlockActive</expression><connectionPointOut><relPosition x="27" y="1"/></connectionPointOut></inVariable><block localId="177" height="8" width="23" typeName="BOOL_TO_SAFEBOOL"><position x="31" y="198"/><addData><data name="http://www.phoenixcontact-software.com" handleUnknown="preserve"><fbData fbFuType="1"/></data></addData><inputVariables><variable formalParameter="IN" hidden="true"><connectionPointIn><relPosition x="-2" y="4"/><connection refLocalId="174"/></connectionPointIn><addData><data name="http://www.phoenixcontact-software.com" handleUnknown="preserve"><fp localId="175" inState="640" outState="0" width="2" height="2" positionX="29" positionY="202" flagType="" dataType="BOOL"/></data></addData></variable></inputVariables><inOutVariables/><outputVariables><variable formalParameter="BOOL_TO_SAFEBOOL" hidden="true"><connectionPointOut><relPosition x="25" y="4"/></connectionPointOut><addData><data name="http://www.phoenixcontact-software.com" handleUnknown="preserve"><fp localId="176" inState="0" outState="640" width="1" height="2" positionX="56" positionY="202" flagType="" dataType="SAFEBOOL"/></data></addData></variable></outputVariables></block><contact localId="178" height="2" width="21" negated="true"><position x="6" y="380"/><connectionPointIn><relPosition x="0" y="1"/><connection refLocalId="163"/></connectionPointIn><connectionPointOut><relPosition x="21" y="1"/></connectionPointOut><variable>mEmStopOk</variable><addData><data name="http://www.phoenixcontact-software.com" handleUnknown="preserve"><contactData contactWidth="9"/></data></addData></contact><contact localId="179" height="2" width="21" negated="false"><position x="6" y="241"/><connectionPointIn><relPosition x="0" y="1"/><connection refLocalId="181"/></connectionPointIn><connectionPointOut><relPosition x="21" y="1"/></connectionPointOut><variable>giReqGuardUnlock1</variable><addData><data name="http://www.phoenixcontact-software.com" handleUnknown="preserve"><contactData contactWidth="9"/></data></addData></contact><coil localId="180" height="2" width="21" negated="false"><position x="121" y="241"/><connectionPointIn><relPosition x="0" y="1"/><connection refLocalId="179"><position x="121" y="242"/><position x="27" y="242"/></connection></connectionPointIn><connectionPointOut><relPosition x="21" y="1"/></connectionPointOut><variable>goReqGuardUnlock</variable><addData><data name="http://www.phoenixcontact-software.com" handleUnknown="preserve"><contactData contactWidth="9"/></data></addData></coil><leftPowerRail localId="181" height="0" width="2"><position x="4" y="242"/><connectionPointOut><relPosition x="2" y="0"/></connectionPointOut></leftPowerRail><rightPowerRail localId="182" height="0" width="2"><position x="142" y="242"/><connectionPointIn><relPosition x="0" y="0"/><connection refLocalId="180"/></connectionPointIn></rightPowerRail><inVariable localId="184" height="2" width="15"><position x="73" y="197"/><expression>giSafetyQuit</expression><connectionPointOut><relPosition x="15" y="1"/></connectionPointOut></inVariable><block localId="195" height="24" width="39" typeName="GuardLocks" instanceName="GuardLock"><position x="91" y="182"/><addData><data name="http://www.phoenixcontact-software.com" handleUnknown="preserve"><fbData fbFuType="0"/></data></addData><inputVariables><variable formalParameter="iBlinkClk" negated="false"><connectionPointIn><relPosition x="-2" y="4"/><connection refLocalId="70"><position x="89" y="186"/><position x="88" y="186"/></connection></connectionPointIn><addData><data name="http://www.phoenixcontact-software.com" handleUnknown="preserve"><fp localId="187" inState="129" outState="0" width="11" height="2" positionX="89" positionY="186" flagType="" dataType="SAFEBOOL"/></data></addData></variable><variable formalParameter="iReqGuardUnlock" negated="false"><connectionPointIn><relPosition x="-2" y="8"/><connection refLocalId="129"><position x="89" y="190"/><position x="88" y="190"/></connection></connectionPointIn><addData><data name="http://www.phoenixcontact-software.com" handleUnknown="preserve"><fp localId="188" inState="129" outState="0" width="20" height="2" positionX="89" positionY="190" flagType="" dataType="SAFEBOOL"/></data></addData></variable><variable formalParameter="iReset" negated="false"><connectionPointIn><relPosition x="-2" y="16"/><connection refLocalId="184"><position x="89" y="198"/><position x="88" y="198"/></connection></connectionPointIn><addData><data name="http://www.phoenixcontact-software.com" handleUnknown="preserve"><fp localId="189" inState="129" outState="0" width="9" height="2" positionX="89" positionY="198" flagType="" dataType="SAFEBOOL"/></data></addData></variable><variable formalParameter="iGuardClosed" negated="false"><connectionPointIn><relPosition x="-2" y="12"/><connection refLocalId="130"><position x="89" y="194"/><position x="88" y="194"/></connection></connectionPointIn><addData><data name="http://www.phoenixcontact-software.com" handleUnknown="preserve"><fp localId="190" inState="129" outState="0" width="16" height="2" positionX="89" positionY="194" flagType="" dataType="SAFEBOOL"/></data></addData></variable><variable formalParameter="iSafetyForUnlockOk" negated="false"><connectionPointIn><relPosition x="-2" y="20"/><connection refLocalId="177" formalParameter="BOOL_TO_SAFEBOOL"><addData><data name="http://www.phoenixcontact-software.com" handleUnknown="preserve"><connectedFormalparameter refLocalId="176"/></data></addData><position x="89" y="202"/><position x="56" y="202"/></connection></connectionPointIn><addData><data name="http://www.phoenixcontact-software.com" handleUnknown="preserve"><fp localId="191" inState="129" outState="0" width="23" height="2" positionX="89" positionY="202" flagType="" dataType="SAFEBOOL"/></data></addData></variable></inputVariables><inOutVariables/><outputVariables><variable formalParameter="oReqUnlock" negated="false"><connectionPointOut><relPosition x="41" y="4"/></connectionPointOut><addData><data name="http://www.phoenixcontact-software.com" handleUnknown="preserve"><fp localId="192" inState="0" outState="129" width="14" height="2" positionX="132" positionY="186" flagType="" dataType="SAFEBOOL"/></data></addData></variable><variable formalParameter="oGuardLocked" negated="false"><connectionPointOut><relPosition x="41" y="8"/></connectionPointOut><addData><data name="http://www.phoenixcontact-software.com" handleUnknown="preserve"><fp localId="193" inState="0" outState="129" width="16" height="2" positionX="132" positionY="190" flagType="" dataType="SAFEBOOL"/></data></addData></variable><variable formalParameter="oLamp" negated="false"><connectionPointOut><relPosition x="41" y="12"/></connectionPointOut><addData><data name="http://www.phoenixcontact-software.com" handleUnknown="preserve"><fp localId="194" inState="0" outState="129" width="9" height="2" positionX="132" positionY="194" flagType="" dataType="SAFEBOOL"/></data></addData></variable></outputVariables></block><contact localId="201" height="2" width="21" negated="true"><position x="6" y="388"/><connectionPointIn><relPosition x="0" y="1"/><connection refLocalId="163"><position x="6" y="389"/><position x="6" y="381"/></connection></connectionPointIn><connectionPointOut><relPosition x="21" y="1"/></connectionPointOut><variable>goGuardLocked</variable><addData><data name="http://www.phoenixcontact-software.com" handleUnknown="preserve"><contactData contactWidth="9"/></data></addData></contact><contact localId="204" height="2" width="21" negated="false"><position x="6" y="396"/><connectionPointIn><relPosition x="0" y="1"/><connection refLocalId="163"><position x="6" y="397"/><position x="6" y="389"/><position x="6" y="381"/></connection></connectionPointIn><connectionPointOut><relPosition x="21" y="1"/></connectionPointOut><variable>goErrFBPowerOn</variable><addData><data name="http://www.phoenixcontact-software.com" handleUnknown="preserve"><contactData contactWidth="9"/></data></addData></contact><contact localId="207" height="2" width="21" negated="true"><position x="6" y="404"/><connectionPointIn><relPosition x="0" y="1"/><connection refLocalId="163"><position x="6" y="405"/><position x="6" y="397"/><position x="6" y="389"/><position x="6" y="381"/></connection></connectionPointIn><connectionPointOut><relPosition x="21" y="1"/></connectionPointOut><variable>goPowerOn1</variable><addData><data name="http://www.phoenixcontact-software.com" handleUnknown="preserve"><contactData contactWidth="9"/></data></addData></contact><contact localId="209" height="2" width="21" negated="true"><position x="6" y="412"/><connectionPointIn><relPosition x="0" y="1"/><connection refLocalId="163"><position x="6" y="413"/><position x="6" y="405"/><position x="6" y="397"/><position x="6" y="389"/><position x="6" y="381"/></connection></connectionPointIn><connectionPointOut><relPosition x="21" y="1"/></connectionPointOut><variable>goPowerOn2</variable><addData><data name="http://www.phoenixcontact-software.com" handleUnknown="preserve"><contactData contactWidth="9"/></data></addData></contact><contact localId="211" height="2" width="21" negated="false"><position x="27" y="404"/><connectionPointIn><relPosition x="0" y="1"/><connection refLocalId="207"/><connection refLocalId="209"><position x="27" y="405"/><position x="27" y="413"/></connection></connectionPointIn><connectionPointOut><relPosition x="21" y="1"/></connectionPointOut><variable>giGuardLock1Closed</variable><addData><data name="http://www.phoenixcontact-software.com" handleUnknown="preserve"><contactData contactWidth="9"/></data></addData></contact></FBD></body></pou></pous></types></project>
