<?xml version="1.0" encoding="UTF-8"?>
<project xmlns="http://www.plcopen.org/xml/tc6.xsd" xmlns:xhtml="http://www.w3.org/1999/xhtml" xmlns:xsi="http://www.w3.org/2001/XMLSchema-instance"><fileHeader xmlns="" companyName="BrAutomation" companyURL="http://www.br-automation.com" productName="SafeDESIGNER" productVersion=" 4.3.2.11" creationDateTime="Fri May 18 07:40:53 2018
"/><contentHeader xmlns="" name="SafeLOGIC-1"><coordinateInfo><pageSize x="235" y="3499"/><fbd><scaling x="2" y="2"/></fbd><ld><scaling x="2" y="2"/></ld><sfc><scaling x="2" y="2"/></sfc></coordinateInfo><addDataInfo><info name="http://www.phoenixcontact-software.com" vendor="http://www.phoenixcontact-software.com"/></addDataInfo></contentHeader><types xmlns=""><dataTypes/><pous><pou name="CheckAnalogSensor" pouType="Programm" crc=" 0xC8909318"><interface/><body><FBD><addData><data name="http://www.phoenixcontact-software.com" handleUnknown="preserve"><line localId="31" beginX="111" beginY="32" endX="119" endY="32"/><line localId="33" beginX="132" beginY="32" endX="139" endY="32"/><line localId="34" beginX="111" beginY="32" endX="111" endY="40"/><line localId="35" beginX="111" beginY="40" endX="139" endY="40"/><line localId="37" beginX="95" beginY="58" endX="107" endY="58"/><line localId="44" beginX="98" beginY="32" endX="111" endY="32"/><line localId="45" beginX="78" beginY="38" endX="80" endY="38"/><line localId="51" beginX="68" beginY="58" endX="82" endY="58"/><line localId="52" beginX="29" beginY="66" endX="50" endY="66"/><line localId="53" beginX="29" beginY="62" endX="50" endY="62"/><line localId="54" beginX="65" beginY="32" endX="80" endY="32"/><line localId="59" beginX="29" beginY="56" endX="34" endY="56"/><line localId="60" beginX="47" beginY="58" endX="50" endY="58"/><line localId="67" beginX="47" beginY="32" endX="52" endY="32"/><line localId="68" beginX="29" beginY="38" endX="52" endY="38"/><line localId="69" beginX="29" beginY="32" endX="34" endY="32"/><line localId="71" beginX="29" beginY="52" endX="34" endY="52"/></data></addData><inVariable localId="1" height="2" width="14"><position x="93" y="69"/><expression>SAFEINT#0</expression><connectionPointOut><relPosition x="14" y="1"/></connectionPointOut></inVariable><block localId="10" height="20" width="28" typeName="ScaleSAFEINT" instanceName="mScaleSAFEINT"><position x="109" y="54"/><addData><data name="http://www.phoenixcontact-software.com" handleUnknown="preserve"><fbData fbFuType="0"/></data></addData><inputVariables><variable formalParameter="iRawValue"><connectionPointIn><relPosition x="-2" y="4"/><connection refLocalId="11" formalParameter="SUB"><addData><data name="http://www.phoenixcontact-software.com" handleUnknown="preserve"><connectedFormalparameter refLocalId="9"/></data></addData><position x="107" y="58"/><position x="95" y="58"/></connection></connectionPointIn><addData><data name="http://www.phoenixcontact-software.com" handleUnknown="preserve"><fp localId="2" inState="128" outState="0" width="13" height="2" positionX="107" positionY="58" flagType="" dataType="SAFEINT"/></data></addData></variable><variable formalParameter="iMult"><connectionPointIn><relPosition x="-2" y="8"/><connection refLocalId="14"/></connectionPointIn><addData><data name="http://www.phoenixcontact-software.com" handleUnknown="preserve"><fp localId="3" inState="128" outState="0" width="8" height="2" positionX="107" positionY="62" flagType="" dataType="SAFEINT"/></data></addData></variable><variable formalParameter="iDiv"><connectionPointIn><relPosition x="-2" y="12"/><connection refLocalId="15"/></connectionPointIn><addData><data name="http://www.phoenixcontact-software.com" handleUnknown="preserve"><fp localId="4" inState="128" outState="0" width="7" height="2" positionX="107" positionY="66" flagType="" dataType="SAFEINT"/></data></addData></variable><variable formalParameter="iOffset"><connectionPointIn><relPosition x="-2" y="16"/><connection refLocalId="1"/></connectionPointIn><addData><data name="http://www.phoenixcontact-software.com" handleUnknown="preserve"><fp localId="5" inState="128" outState="0" width="10" height="2" positionX="107" positionY="70" flagType="" dataType="SAFEINT"/></data></addData></variable></inputVariables><inOutVariables/><outputVariables><variable formalParameter="oScaledValue"><connectionPointOut><relPosition x="30" y="4"/></connectionPointOut><addData><data name="http://www.phoenixcontact-software.com" handleUnknown="preserve"><fp localId="6" inState="0" outState="128" width="15" height="2" positionX="139" positionY="58" flagType="" dataType="SAFEINT"/></data></addData></variable></outputVariables></block><block localId="11" height="12" width="9" typeName="SUB_S"><position x="84" y="54"/><addData><data name="http://www.phoenixcontact-software.com" handleUnknown="preserve"><fbData fbFuType="1"/></data></addData><inputVariables><variable formalParameter="IN1" hidden="true"><connectionPointIn><relPosition x="-2" y="4"/><connection refLocalId="42" formalParameter="SEL_S"><addData><data name="http://www.phoenixcontact-software.com" handleUnknown="preserve"><connectedFormalparameter refLocalId="41"/></data></addData><position x="82" y="58"/><position x="68" y="58"/></connection></connectionPointIn><addData><data name="http://www.phoenixcontact-software.com" handleUnknown="preserve"><fp localId="7" inState="640" outState="0" width="2" height="2" positionX="82" positionY="58" flagType="" dataType="ANY_SAFENUM"/></data></addData></variable><variable formalParameter="IN2" hidden="true"><connectionPointIn><relPosition x="-2" y="8"/><connection refLocalId="13"/></connectionPointIn><addData><data name="http://www.phoenixcontact-software.com" handleUnknown="preserve"><fp localId="8" inState="640" outState="0" width="2" height="2" positionX="82" positionY="62" flagType="" dataType="ANY_SAFENUM"/></data></addData></variable></inputVariables><inOutVariables/><outputVariables><variable formalParameter="SUB" hidden="true"><connectionPointOut><relPosition x="11" y="4"/></connectionPointOut><addData><data name="http://www.phoenixcontact-software.com" handleUnknown="preserve"><fp localId="9" inState="0" outState="640" width="1" height="2" positionX="95" positionY="58" flagType="" dataType="ANY_SAFENUM"/></data></addData></variable></outputVariables></block><inVariable localId="12" height="2" width="16"><position x="13" y="61"/><expression>iSensorValue</expression><connectionPointOut><relPosition x="16" y="1"/></connectionPointOut></inVariable><inVariable localId="13" height="2" width="16"><position x="66" y="61"/><expression>iParPreOffset</expression><connectionPointOut><relPosition x="16" y="1"/></connectionPointOut></inVariable><inVariable localId="14" height="2" width="11"><position x="96" y="61"/><expression>iParMult</expression><connectionPointOut><relPosition x="11" y="1"/></connectionPointOut></inVariable><inVariable localId="15" height="2" width="10"><position x="97" y="65"/><expression>iParDiv</expression><connectionPointOut><relPosition x="10" y="1"/></connectionPointOut></inVariable><comment localId="16" height="9" width="59"><position x="3" y="18"/><content><html xmlns="http://www.w3.org/1999/xhtml"><head><title/></head><body><p style="color:#000000;font-family:Arial;font-weight:normal;font-style:normal;font-size:14pt;">Speicherung eines Sensor-Fehlers, der mit iReset resetiert wird.&lt;br /&gt;Wenn iReset immer SAFETRUE ist, wird der Sensor-Fehler&lt;br /&gt;automatisch resetiert.</p></body></html></content></comment><inVariable localId="18" height="2" width="9"><position x="69" y="37"/><expression>iReset</expression><connectionPointOut><relPosition x="9" y="1"/></connectionPointOut></inVariable><inVariable localId="19" height="2" width="13"><position x="16" y="31"/><expression>iSensorOk</expression><connectionPointOut><relPosition x="13" y="1"/></connectionPointOut></inVariable><outVariable localId="20" height="2" width="14"><position x="139" y="31"/><expression>oSensorOk</expression><connectionPointIn><relPosition x="0" y="1"/><connection refLocalId="30" formalParameter="NOT_S"><addData><data name="http://www.phoenixcontact-software.com" handleUnknown="preserve"><connectedFormalparameter refLocalId="27"/></data></addData><position x="139" y="32"/><position x="132" y="32"/></connection></connectionPointIn></outVariable><block localId="28" height="12" width="14" typeName="SR_S" instanceName="SR_S_SensorError"><position x="82" y="28"/><addData><data name="http://www.phoenixcontact-software.com" handleUnknown="preserve"><fbData fbFuType="0"/></data></addData><inputVariables><variable formalParameter="SET1" negated="false"><connectionPointIn><relPosition x="-2" y="4"/><connection refLocalId="50" formalParameter="AND_S"><addData><data name="http://www.phoenixcontact-software.com" handleUnknown="preserve"><connectedFormalparameter refLocalId="49"/></data></addData><position x="80" y="32"/><position x="65" y="32"/></connection></connectionPointIn><addData><data name="http://www.phoenixcontact-software.com" handleUnknown="preserve"><fp localId="21" inState="129" outState="0" width="8" height="2" positionX="80" positionY="32" flagType="" dataType="SAFEBOOL"/></data></addData></variable><variable formalParameter="RESET" negated="false"><connectionPointIn><relPosition x="-2" y="10"/><connection refLocalId="18"><position x="80" y="38"/><position x="78" y="38"/></connection></connectionPointIn><addData><data name="http://www.phoenixcontact-software.com" handleUnknown="preserve"><fp localId="22" inState="129" outState="0" width="9" height="2" positionX="80" positionY="38" flagType="" dataType="SAFEBOOL"/></data></addData></variable></inputVariables><inOutVariables/><outputVariables><variable formalParameter="Q1" negated="false"><connectionPointOut><relPosition x="16" y="4"/></connectionPointOut><addData><data name="http://www.phoenixcontact-software.com" handleUnknown="preserve"><fp localId="23" inState="0" outState="129" width="5" height="2" positionX="98" positionY="32" flagType="" dataType="SAFEBOOL"/></data></addData></variable></outputVariables></block><block localId="29" height="8" width="9" typeName="NOT_S"><position x="36" y="28"/><addData><data name="http://www.phoenixcontact-software.com" handleUnknown="preserve"><fbData fbFuType="1"/></data></addData><inputVariables><variable formalParameter="IN1" negated="false" hidden="true"><connectionPointIn><relPosition x="-2" y="4"/><connection refLocalId="19"><position x="34" y="32"/><position x="29" y="32"/></connection></connectionPointIn><addData><data name="http://www.phoenixcontact-software.com" handleUnknown="preserve"><fp localId="24" inState="641" outState="0" width="2" height="2" positionX="34" positionY="32" flagType="" dataType="ANY_SAFEBIT"/></data></addData></variable></inputVariables><inOutVariables/><outputVariables><variable formalParameter="NOT_S" negated="false" hidden="true"><connectionPointOut><relPosition x="11" y="4"/></connectionPointOut><addData><data name="http://www.phoenixcontact-software.com" handleUnknown="preserve"><fp localId="25" inState="0" outState="641" width="1" height="2" positionX="47" positionY="32" flagType="" dataType="ANY_SAFEBIT"/></data></addData></variable></outputVariables></block><block localId="30" height="8" width="9" typeName="NOT_S"><position x="121" y="28"/><addData><data name="http://www.phoenixcontact-software.com" handleUnknown="preserve"><fbData fbFuType="1"/></data></addData><inputVariables><variable formalParameter="IN1" negated="false" hidden="true"><connectionPointIn><relPosition x="-2" y="4"/><connection refLocalId="28" formalParameter="Q1"><addData><data name="http://www.phoenixcontact-software.com" handleUnknown="preserve"><connectedFormalparameter refLocalId="23"/></data></addData><position x="119" y="32"/><position x="111" y="32"/><position x="98" y="32"/></connection></connectionPointIn><addData><data name="http://www.phoenixcontact-software.com" handleUnknown="preserve"><fp localId="26" inState="641" outState="0" width="2" height="2" positionX="119" positionY="32" flagType="" dataType="ANY_SAFEBIT"/></data></addData></variable></inputVariables><inOutVariables/><outputVariables><variable formalParameter="NOT_S" negated="false" hidden="true"><connectionPointOut><relPosition x="11" y="4"/></connectionPointOut><addData><data name="http://www.phoenixcontact-software.com" handleUnknown="preserve"><fp localId="27" inState="0" outState="641" width="1" height="2" positionX="132" positionY="32" flagType="" dataType="ANY_SAFEBIT"/></data></addData></variable></outputVariables></block><outVariable localId="32" height="2" width="9"><position x="139" y="39"/><expression>oError</expression><connectionPointIn><relPosition x="0" y="1"/><connection refLocalId="28" formalParameter="Q1"><addData><data name="http://www.phoenixcontact-software.com" handleUnknown="preserve"><connectedFormalparameter refLocalId="23"/></data></addData><position x="139" y="40"/><position x="111" y="40"/><position x="111" y="32"/><position x="98" y="32"/></connection></connectionPointIn></outVariable><outVariable localId="36" height="2" width="9"><position x="139" y="57"/><expression>oValue</expression><connectionPointIn><relPosition x="0" y="1"/><connection refLocalId="10" formalParameter="oScaledValue"><addData><data name="http://www.phoenixcontact-software.com" handleUnknown="preserve"><connectedFormalparameter refLocalId="6"/></data></addData></connection></connectionPointIn></outVariable><block localId="42" height="16" width="14" typeName="SEL_S"><position x="52" y="54"/><addData><data name="http://www.phoenixcontact-software.com" handleUnknown="preserve"><fbData fbFuType="1"/></data></addData><inputVariables><variable formalParameter="C"><connectionPointIn><relPosition x="-2" y="4"/><connection refLocalId="58" formalParameter="AND_S"><addData><data name="http://www.phoenixcontact-software.com" handleUnknown="preserve"><connectedFormalparameter refLocalId="57"/></data></addData><position x="50" y="58"/><position x="47" y="58"/></connection></connectionPointIn><addData><data name="http://www.phoenixcontact-software.com" handleUnknown="preserve"><fp localId="38" inState="128" outState="0" width="4" height="2" positionX="50" positionY="58" flagType="" dataType="SAFEBOOL"/></data></addData></variable><variable formalParameter="AT"><connectionPointIn><relPosition x="-2" y="8"/><connection refLocalId="12"><position x="50" y="62"/><position x="29" y="62"/></connection></connectionPointIn><addData><data name="http://www.phoenixcontact-software.com" handleUnknown="preserve"><fp localId="39" inState="128" outState="0" width="6" height="2" positionX="50" positionY="62" flagType="" dataType="SAFEELEMENTARY"/></data></addData></variable><variable formalParameter="AF"><connectionPointIn><relPosition x="-2" y="12"/><connection refLocalId="43"><position x="50" y="66"/><position x="29" y="66"/></connection></connectionPointIn><addData><data name="http://www.phoenixcontact-software.com" handleUnknown="preserve"><fp localId="40" inState="128" outState="0" width="5" height="2" positionX="50" positionY="66" flagType="" dataType="SAFEELEMENTARY"/></data></addData></variable></inputVariables><inOutVariables/><outputVariables><variable formalParameter="SEL_S"><connectionPointOut><relPosition x="16" y="4"/></connectionPointOut><addData><data name="http://www.phoenixcontact-software.com" handleUnknown="preserve"><fp localId="41" inState="0" outState="128" width="8" height="2" positionX="68" positionY="58" flagType="" dataType="SAFEELEMENTARY"/></data></addData></variable></outputVariables></block><inVariable localId="43" height="2" width="16"><position x="13" y="65"/><expression>iParPreOffset</expression><connectionPointOut><relPosition x="16" y="1"/></connectionPointOut></inVariable><inVariable localId="46" height="2" width="14"><position x="15" y="55"/><expression>oSensorOk</expression><connectionPointOut><relPosition x="14" y="1"/></connectionPointOut></inVariable><block localId="50" height="12" width="9" typeName="AND_S"><position x="54" y="28"/><addData><data name="http://www.phoenixcontact-software.com" handleUnknown="preserve"><fbData fbFuType="1"/></data></addData><inputVariables><variable formalParameter="IN1" negated="false" hidden="true"><connectionPointIn><relPosition x="-2" y="4"/><connection refLocalId="29" formalParameter="NOT_S"><addData><data name="http://www.phoenixcontact-software.com" handleUnknown="preserve"><connectedFormalparameter refLocalId="25"/></data></addData><position x="52" y="32"/><position x="47" y="32"/></connection></connectionPointIn><addData><data name="http://www.phoenixcontact-software.com" handleUnknown="preserve"><fp localId="47" inState="1665" outState="0" width="2" height="2" positionX="52" positionY="32" flagType="" dataType="ANY_SAFEBIT"/></data></addData></variable><variable formalParameter="IN2" negated="false" hidden="true"><connectionPointIn><relPosition x="-2" y="10"/><connection refLocalId="66"><position x="52" y="38"/><position x="29" y="38"/></connection></connectionPointIn><addData><data name="http://www.phoenixcontact-software.com" handleUnknown="preserve"><fp localId="48" inState="1665" outState="0" width="2" height="2" positionX="52" positionY="38" flagType="" dataType="ANY_SAFEBIT"/></data></addData></variable></inputVariables><inOutVariables/><outputVariables><variable formalParameter="AND_S" negated="false" hidden="true"><connectionPointOut><relPosition x="11" y="4"/></connectionPointOut><addData><data name="http://www.phoenixcontact-software.com" handleUnknown="preserve"><fp localId="49" inState="0" outState="641" width="1" height="2" positionX="65" positionY="32" flagType="" dataType="ANY_SAFEBIT"/></data></addData></variable></outputVariables></block><block localId="58" height="12" width="9" typeName="AND_S"><position x="36" y="48"/><addData><data name="http://www.phoenixcontact-software.com" handleUnknown="preserve"><fbData fbFuType="1"/></data></addData><inputVariables><variable formalParameter="IN1" negated="false" hidden="true"><connectionPointIn><relPosition x="-2" y="4"/><connection refLocalId="70"><position x="34" y="52"/><position x="29" y="52"/></connection></connectionPointIn><addData><data name="http://www.phoenixcontact-software.com" handleUnknown="preserve"><fp localId="55" inState="1665" outState="0" width="2" height="2" positionX="34" positionY="52" flagType="" dataType="ANY_SAFEBIT"/></data></addData></variable><variable formalParameter="IN2" negated="false" hidden="true"><connectionPointIn><relPosition x="-2" y="8"/><connection refLocalId="46"><position x="34" y="56"/><position x="29" y="56"/></connection></connectionPointIn><addData><data name="http://www.phoenixcontact-software.com" handleUnknown="preserve"><fp localId="56" inState="1665" outState="0" width="2" height="2" positionX="34" positionY="56" flagType="" dataType="ANY_SAFEBIT"/></data></addData></variable></inputVariables><inOutVariables/><outputVariables><variable formalParameter="AND_S" negated="false" hidden="true"><connectionPointOut><relPosition x="11" y="10"/></connectionPointOut><addData><data name="http://www.phoenixcontact-software.com" handleUnknown="preserve"><fp localId="57" inState="0" outState="641" width="1" height="2" positionX="47" positionY="58" flagType="" dataType="ANY_SAFEBIT"/></data></addData></variable></outputVariables></block><outVariable localId="61" height="2" width="18"><position x="47" y="7"/><expression>mSensorActive</expression><connectionPointIn><relPosition x="0" y="1"/><connection refLocalId="65" formalParameter="NOT_S"><addData><data name="http://www.phoenixcontact-software.com" handleUnknown="preserve"><connectedFormalparameter refLocalId="64"/></data></addData></connection></connectionPointIn></outVariable><inVariable localId="62" height="2" width="15"><position x="19" y="7"/><expression>iSensorMute</expression><connectionPointOut><relPosition x="15" y="1"/></connectionPointOut></inVariable><block localId="65" height="8" width="9" typeName="NOT_S"><position x="36" y="4"/><addData><data name="http://www.phoenixcontact-software.com" handleUnknown="preserve"><fbData fbFuType="1"/></data></addData><inputVariables><variable formalParameter="IN1" negated="false" hidden="true"><connectionPointIn><relPosition x="-2" y="4"/><connection refLocalId="62"/></connectionPointIn><addData><data name="http://www.phoenixcontact-software.com" handleUnknown="preserve"><fp localId="63" inState="641" outState="0" width="2" height="2" positionX="34" positionY="8" flagType="" dataType="ANY_SAFEBIT"/></data></addData></variable></inputVariables><inOutVariables/><outputVariables><variable formalParameter="NOT_S" negated="false" hidden="true"><connectionPointOut><relPosition x="11" y="4"/></connectionPointOut><addData><data name="http://www.phoenixcontact-software.com" handleUnknown="preserve"><fp localId="64" inState="0" outState="641" width="1" height="2" positionX="47" positionY="8" flagType="" dataType="ANY_SAFEBIT"/></data></addData></variable></outputVariables></block><inVariable localId="66" height="2" width="18"><position x="11" y="37"/><expression>mSensorActive</expression><connectionPointOut><relPosition x="18" y="1"/></connectionPointOut></inVariable><inVariable localId="70" height="2" width="18"><position x="11" y="51"/><expression>mSensorActive</expression><connectionPointOut><relPosition x="18" y="1"/></connectionPointOut></inVariable></FBD></body></pou></pous></types></project>
