<?xml version="1.0" encoding="UTF-8"?><InstanceTree><pou name="Main" pouType="PROGRAM"/><InstanceCalls><pou name="GuardLocks" instanceName="GuardLock" pouType="FUNCTION_BLOCK"/><InstanceCalls><pou name="F_TRIG_S" instanceName="F_TRIG_S_GuardLocked" pouType="FUNCTION_BLOCK"/><pou name="F_TRIG_S" instanceName="F_TRIG_S_ReqGuardLock" pouType="FUNCTION_BLOCK"/><pou name="RS_S" instanceName="RS_S_GuardLocked" pouType="FUNCTION_BLOCK"/><pou name="RS_S" instanceName="RS_S_ReqGuardLock" pouType="FUNCTION_BLOCK"/><pou name="TON_S" instanceName="TON_S_Reset" pouType="FUNCTION_BLOCK"/><pou name="TP_S" instanceName="TP_S_Reset" pouType="FUNCTION_BLOCK"/></InstanceCalls><pou name="SafetyRun" instanceName="mSafetyRun" pouType="FUNCTION_BLOCK"/><InstanceCalls><pou name="F_TRIG_S" instanceName="F_TRIG_S_1" pouType="FUNCTION_BLOCK"/><pou name="R_TRIG_S" instanceName="R_TRIG_S_1" pouType="FUNCTION_BLOCK"/><pou name="R_TRIG_S" instanceName="R_TRIG_S_SetupMode" pouType="FUNCTION_BLOCK"/><pou name="TOF_S" instanceName="TOF_S_SetupMode" pouType="FUNCTION_BLOCK"/></InstanceCalls><pou name="RS_S" instanceName="RS_S_BlinkingClock" pouType="FUNCTION_BLOCK"/><pou name="SF_EDM_V1_00" instanceName="SF_EDM_V1_00_LeistEin" pouType="FUNCTION_BLOCK"/><pou name="SF_EmergencyStop_V1_00" instanceName="SF_EmergencyStop_Main" pouType="FUNCTION_BLOCK"/><pou name="TON_S" instanceName="TON_S_BlinkingClock" pouType="FUNCTION_BLOCK"/><pou name="TON_S" instanceName="TON_S_BlinkingClockRst" pouType="FUNCTION_BLOCK"/><pou name="TON_S" instanceName="TON_S_CloseGuardR" pouType="FUNCTION_BLOCK"/><pou name="TON_S" instanceName="TON_S_PowerOnR" pouType="FUNCTION_BLOCK"/></InstanceCalls></InstanceTree>