<?xml version="1.0" encoding="UTF-8"?>
<project xmlns="http://www.plcopen.org/xml/tc6.xsd" xmlns:xhtml="http://www.w3.org/1999/xhtml" xmlns:xsi="http://www.w3.org/2001/XMLSchema-instance"><fileHeader xmlns="" companyName="BrAutomation" companyURL="http://www.br-automation.com" productName="SafeDESIGNER" productVersion=" 4.3.2.11" creationDateTime="Thu May 17 17:30:16 2018
"/><contentHeader xmlns="" name="SafeLOGIC-1"><coordinateInfo><pageSize x="210" y="2500"/><fbd><scaling x="2" y="2"/></fbd><ld><scaling x="2" y="2"/></ld><sfc><scaling x="2" y="2"/></sfc></coordinateInfo><addDataInfo><info name="http://www.phoenixcontact-software.com" vendor="http://www.phoenixcontact-software.com"/></addDataInfo></contentHeader><types xmlns=""><dataTypes/><pous><pou name="ScaleSAFEINT" pouType="Programm" crc=" 0x4F23A952"><interface/><body><FBD><addData><data name="http://www.phoenixcontact-software.com" handleUnknown="preserve"><line localId="25" beginX="26" beginY="28" endX="27" endY="28"/><line localId="26" beginX="26" beginY="54" endX="27" endY="54"/><line localId="34" beginX="59" beginY="28" endX="59" endY="20"/><line localId="35" beginX="64" beginY="41" endX="64" endY="24"/><line localId="36" beginX="69" beginY="54" endX="69" endY="28"/><line localId="37" beginX="69" beginY="28" endX="74" endY="28"/><line localId="38" beginX="64" beginY="24" endX="74" endY="24"/><line localId="39" beginX="59" beginY="20" endX="74" endY="20"/><line localId="40" beginX="56" beginY="16" endX="74" endY="16"/><line localId="41" beginX="56" beginY="41" endX="64" endY="41"/><line localId="42" beginX="56" beginY="28" endX="59" endY="28"/><line localId="43" beginX="56" beginY="54" endX="69" endY="54"/></data></addData><inVariable localId="0" height="2" width="6"><position x="21" y="40"/><expression>iDiv</expression><connectionPointOut><relPosition x="6" y="1"/></connectionPointOut></inVariable><inVariable localId="1" height="2" width="12"><position x="15" y="15"/><expression>iRawValue</expression><connectionPointOut><relPosition x="12" y="1"/></connectionPointOut></inVariable><inVariable localId="2" height="2" width="7"><position x="19" y="27"/><expression>iMult</expression><connectionPointOut><relPosition x="7" y="1"/></connectionPointOut></inVariable><inVariable localId="3" height="2" width="9"><position x="17" y="53"/><expression>iOffset</expression><connectionPointOut><relPosition x="9" y="1"/></connectionPointOut></inVariable><outVariable localId="4" height="2" width="15"><position x="135" y="15"/><expression>oScaledValue</expression><connectionPointIn><relPosition x="0" y="1"/><connection refLocalId="23" formalParameter="OUT"><addData><data name="http://www.phoenixcontact-software.com" handleUnknown="preserve"><connectedFormalparameter refLocalId="22"/></data></addData></connection></connectionPointIn></outVariable><block localId="7" height="8" width="25" typeName="SAFEINT_TO_SAFEDINT" instanceName="SAFEINT_TO_SAFEDINT_Value"><position x="29" y="12"/><addData><data name="http://www.phoenixcontact-software.com" handleUnknown="preserve"><fbData fbFuType="0"/></data></addData><inputVariables><variable formalParameter="IN"><connectionPointIn><relPosition x="-2" y="4"/><connection refLocalId="1"/></connectionPointIn><addData><data name="http://www.phoenixcontact-software.com" handleUnknown="preserve"><fp localId="5" inState="128" outState="0" width="5" height="2" positionX="27" positionY="16" flagType="" dataType="SAFEINT"/></data></addData></variable></inputVariables><inOutVariables/><outputVariables><variable formalParameter="OUT"><connectionPointOut><relPosition x="27" y="4"/></connectionPointOut><addData><data name="http://www.phoenixcontact-software.com" handleUnknown="preserve"><fp localId="6" inState="0" outState="128" width="6" height="2" positionX="56" positionY="16" flagType="" dataType="SAFEDINT"/></data></addData></variable></outputVariables></block><block localId="11" height="8" width="25" typeName="SAFEINT_TO_SAFEDINT" instanceName="SAFEINT_TO_SAFEDINT_Mult"><position x="29" y="24"/><addData><data name="http://www.phoenixcontact-software.com" handleUnknown="preserve"><fbData fbFuType="0"/></data></addData><inputVariables><variable formalParameter="IN"><connectionPointIn><relPosition x="-2" y="4"/><connection refLocalId="2"><position x="27" y="28"/><position x="26" y="28"/></connection></connectionPointIn><addData><data name="http://www.phoenixcontact-software.com" handleUnknown="preserve"><fp localId="9" inState="128" outState="0" width="5" height="2" positionX="27" positionY="28" flagType="" dataType="SAFEINT"/></data></addData></variable></inputVariables><inOutVariables/><outputVariables><variable formalParameter="OUT"><connectionPointOut><relPosition x="27" y="4"/></connectionPointOut><addData><data name="http://www.phoenixcontact-software.com" handleUnknown="preserve"><fp localId="10" inState="0" outState="128" width="6" height="2" positionX="56" positionY="28" flagType="" dataType="SAFEDINT"/></data></addData></variable></outputVariables></block><block localId="15" height="8" width="25" typeName="SAFEINT_TO_SAFEDINT" instanceName="SAFEINT_TO_SAFEDINT_Div"><position x="29" y="37"/><addData><data name="http://www.phoenixcontact-software.com" handleUnknown="preserve"><fbData fbFuType="0"/></data></addData><inputVariables><variable formalParameter="IN"><connectionPointIn><relPosition x="-2" y="4"/><connection refLocalId="0"/></connectionPointIn><addData><data name="http://www.phoenixcontact-software.com" handleUnknown="preserve"><fp localId="13" inState="128" outState="0" width="5" height="2" positionX="27" positionY="41" flagType="" dataType="SAFEINT"/></data></addData></variable></inputVariables><inOutVariables/><outputVariables><variable formalParameter="OUT"><connectionPointOut><relPosition x="27" y="4"/></connectionPointOut><addData><data name="http://www.phoenixcontact-software.com" handleUnknown="preserve"><fp localId="14" inState="0" outState="128" width="6" height="2" positionX="56" positionY="41" flagType="" dataType="SAFEDINT"/></data></addData></variable></outputVariables></block><block localId="19" height="8" width="25" typeName="SAFEINT_TO_SAFEDINT" instanceName="SAFEINT_TO_SAFEDINT_Offset"><position x="29" y="50"/><addData><data name="http://www.phoenixcontact-software.com" handleUnknown="preserve"><fbData fbFuType="0"/></data></addData><inputVariables><variable formalParameter="IN"><connectionPointIn><relPosition x="-2" y="4"/><connection refLocalId="3"><position x="27" y="54"/><position x="26" y="54"/></connection></connectionPointIn><addData><data name="http://www.phoenixcontact-software.com" handleUnknown="preserve"><fp localId="17" inState="128" outState="0" width="5" height="2" positionX="27" positionY="54" flagType="" dataType="SAFEINT"/></data></addData></variable></inputVariables><inOutVariables/><outputVariables><variable formalParameter="OUT"><connectionPointOut><relPosition x="27" y="4"/></connectionPointOut><addData><data name="http://www.phoenixcontact-software.com" handleUnknown="preserve"><fp localId="18" inState="0" outState="128" width="6" height="2" positionX="56" positionY="54" flagType="" dataType="SAFEDINT"/></data></addData></variable></outputVariables></block><block localId="23" height="8" width="25" typeName="SAFEDINT_TO_SAFEINT" instanceName="SAFEDINT_TO_SAFEINT_Out"><position x="108" y="12"/><addData><data name="http://www.phoenixcontact-software.com" handleUnknown="preserve"><fbData fbFuType="0"/></data></addData><inputVariables><variable formalParameter="IN"><connectionPointIn><relPosition x="-2" y="4"/><connection refLocalId="32" formalParameter="oScaledValue"><addData><data name="http://www.phoenixcontact-software.com" handleUnknown="preserve"><connectedFormalparameter refLocalId="31"/></data></addData></connection></connectionPointIn><addData><data name="http://www.phoenixcontact-software.com" handleUnknown="preserve"><fp localId="21" inState="128" outState="0" width="5" height="2" positionX="106" positionY="16" flagType="" dataType="SAFEDINT"/></data></addData></variable></inputVariables><inOutVariables/><outputVariables><variable formalParameter="OUT"><connectionPointOut><relPosition x="27" y="4"/></connectionPointOut><addData><data name="http://www.phoenixcontact-software.com" handleUnknown="preserve"><fp localId="22" inState="0" outState="128" width="6" height="2" positionX="135" positionY="16" flagType="" dataType="SAFEINT"/></data></addData></variable></outputVariables></block><block localId="32" height="20" width="28" typeName="ScaleSAFEDINT" instanceName="ScaleSAFEDINT_1"><position x="76" y="12"/><addData><data name="http://www.phoenixcontact-software.com" handleUnknown="preserve"><fbData fbFuType="0"/></data></addData><inputVariables><variable formalParameter="iRawValue"><connectionPointIn><relPosition x="-2" y="4"/><connection refLocalId="7" formalParameter="OUT"><addData><data name="http://www.phoenixcontact-software.com" handleUnknown="preserve"><connectedFormalparameter refLocalId="6"/></data></addData><position x="74" y="16"/><position x="56" y="16"/></connection></connectionPointIn><addData><data name="http://www.phoenixcontact-software.com" handleUnknown="preserve"><fp localId="27" inState="128" outState="0" width="13" height="2" positionX="74" positionY="16" flagType="" dataType="SAFEDINT"/></data></addData></variable><variable formalParameter="iMult"><connectionPointIn><relPosition x="-2" y="8"/><connection refLocalId="11" formalParameter="OUT"><addData><data name="http://www.phoenixcontact-software.com" handleUnknown="preserve"><connectedFormalparameter refLocalId="10"/></data></addData><position x="74" y="20"/><position x="59" y="20"/><position x="59" y="28"/><position x="56" y="28"/></connection></connectionPointIn><addData><data name="http://www.phoenixcontact-software.com" handleUnknown="preserve"><fp localId="28" inState="128" outState="0" width="8" height="2" positionX="74" positionY="20" flagType="" dataType="SAFEDINT"/></data></addData></variable><variable formalParameter="iDiv"><connectionPointIn><relPosition x="-2" y="12"/><connection refLocalId="15" formalParameter="OUT"><addData><data name="http://www.phoenixcontact-software.com" handleUnknown="preserve"><connectedFormalparameter refLocalId="14"/></data></addData><position x="74" y="24"/><position x="64" y="24"/><position x="64" y="41"/><position x="56" y="41"/></connection></connectionPointIn><addData><data name="http://www.phoenixcontact-software.com" handleUnknown="preserve"><fp localId="29" inState="128" outState="0" width="7" height="2" positionX="74" positionY="24" flagType="" dataType="SAFEDINT"/></data></addData></variable><variable formalParameter="iOffset"><connectionPointIn><relPosition x="-2" y="16"/><connection refLocalId="19" formalParameter="OUT"><addData><data name="http://www.phoenixcontact-software.com" handleUnknown="preserve"><connectedFormalparameter refLocalId="18"/></data></addData><position x="74" y="28"/><position x="69" y="28"/><position x="69" y="54"/><position x="56" y="54"/></connection></connectionPointIn><addData><data name="http://www.phoenixcontact-software.com" handleUnknown="preserve"><fp localId="30" inState="128" outState="0" width="10" height="2" positionX="74" positionY="28" flagType="" dataType="SAFEDINT"/></data></addData></variable></inputVariables><inOutVariables/><outputVariables><variable formalParameter="oScaledValue"><connectionPointOut><relPosition x="30" y="4"/></connectionPointOut><addData><data name="http://www.phoenixcontact-software.com" handleUnknown="preserve"><fp localId="31" inState="0" outState="128" width="15" height="2" positionX="106" positionY="16" flagType="" dataType="SAFEDINT"/></data></addData></variable></outputVariables></block></FBD></body></pou></pous></types></project>
