<?xml version="1.0" encoding="UTF-8"?>
<project xmlns="http://www.plcopen.org/xml/tc6.xsd" xmlns:xhtml="http://www.w3.org/1999/xhtml" xmlns:xsi="http://www.w3.org/2001/XMLSchema-instance"><fileHeader xmlns="" companyName="BrAutomation" companyURL="http://www.br-automation.com" productName="SafeDESIGNER" productVersion=" 4.3.2.11" creationDateTime="Thu May 17 17:30:16 2018
"/><contentHeader xmlns="" name="SafeLOGIC-1"><coordinateInfo><pageSize x="210" y="2500"/><fbd><scaling x="2" y="2"/></fbd><ld><scaling x="2" y="2"/></ld><sfc><scaling x="2" y="2"/></sfc></coordinateInfo><addDataInfo><info name="http://www.phoenixcontact-software.com" vendor="http://www.phoenixcontact-software.com"/></addDataInfo></contentHeader><types xmlns=""><dataTypes/><pous><pou name="ScaleSAFEDINT" pouType="Programm" crc=" 0xFBC017CC"><interface/><body><FBD><addData><data name="http://www.phoenixcontact-software.com" handleUnknown="preserve"><line localId="12" beginX="54" beginY="17" endX="65" endY="17"/><line localId="23" beginX="31" beginY="37" endX="44" endY="37"/><line localId="26" beginX="34" beginY="45" endX="44" endY="45"/><line localId="27" beginX="34" beginY="51" endX="34" endY="45"/><line localId="28" beginX="14" beginY="41" endX="17" endY="41"/><line localId="29" beginX="17" beginY="41" endX="19" endY="41"/><line localId="30" beginX="17" beginY="51" endX="34" endY="51"/><line localId="31" beginX="17" beginY="41" endX="17" endY="51"/><line localId="32" beginX="60" beginY="37" endX="63" endY="37"/><line localId="33" beginX="63" beginY="37" endX="63" endY="21"/><line localId="34" beginX="63" beginY="21" endX="65" endY="21"/><line localId="39" beginX="77" beginY="17" endX="91" endY="17"/></data></addData><block localId="3" height="12" width="8" typeName="MUL_S"><position x="44" y="13"/><addData><data name="http://www.phoenixcontact-software.com" handleUnknown="preserve"><fbData fbFuType="1"/></data></addData><inputVariables><variable formalParameter="IN1" hidden="true"><connectionPointIn><relPosition x="-2" y="4"/><connection refLocalId="35"/></connectionPointIn><addData><data name="http://www.phoenixcontact-software.com" handleUnknown="preserve"><fp localId="0" inState="640" outState="0" width="2" height="2" positionX="42" positionY="17" flagType="" dataType="ANY_SAFENUM"/></data></addData></variable><variable formalParameter="IN2" hidden="true"><connectionPointIn><relPosition x="-2" y="8"/><connection refLocalId="36"/></connectionPointIn><addData><data name="http://www.phoenixcontact-software.com" handleUnknown="preserve"><fp localId="1" inState="640" outState="0" width="2" height="2" positionX="42" positionY="21" flagType="" dataType="ANY_SAFENUM"/></data></addData></variable></inputVariables><inOutVariables/><outputVariables><variable formalParameter="MUL_S" hidden="true"><connectionPointOut><relPosition x="10" y="4"/></connectionPointOut><addData><data name="http://www.phoenixcontact-software.com" handleUnknown="preserve"><fp localId="2" inState="0" outState="640" width="1" height="2" positionX="54" positionY="17" flagType="" dataType="ANY_SAFENUM"/></data></addData></variable></outputVariables></block><block localId="7" height="12" width="8" typeName="DIV_S"><position x="67" y="13"/><addData><data name="http://www.phoenixcontact-software.com" handleUnknown="preserve"><fbData fbFuType="1"/></data></addData><inputVariables><variable formalParameter="IN1" hidden="true"><connectionPointIn><relPosition x="-2" y="4"/><connection refLocalId="3" formalParameter="MUL_S"><addData><data name="http://www.phoenixcontact-software.com" handleUnknown="preserve"><connectedFormalparameter refLocalId="2"/></data></addData><position x="65" y="17"/><position x="54" y="17"/></connection></connectionPointIn><addData><data name="http://www.phoenixcontact-software.com" handleUnknown="preserve"><fp localId="4" inState="640" outState="0" width="2" height="2" positionX="65" positionY="17" flagType="" dataType="ANY_SAFENUM"/></data></addData></variable><variable formalParameter="IN2" hidden="true"><connectionPointIn><relPosition x="-2" y="8"/><connection refLocalId="21" formalParameter="SEL_S"><addData><data name="http://www.phoenixcontact-software.com" handleUnknown="preserve"><connectedFormalparameter refLocalId="20"/></data></addData><position x="65" y="21"/><position x="63" y="21"/><position x="63" y="37"/><position x="60" y="37"/></connection></connectionPointIn><addData><data name="http://www.phoenixcontact-software.com" handleUnknown="preserve"><fp localId="5" inState="640" outState="0" width="2" height="2" positionX="65" positionY="21" flagType="" dataType="ANY_SAFENUM"/></data></addData></variable></inputVariables><inOutVariables/><outputVariables><variable formalParameter="DIV_S" hidden="true"><connectionPointOut><relPosition x="10" y="4"/></connectionPointOut><addData><data name="http://www.phoenixcontact-software.com" handleUnknown="preserve"><fp localId="6" inState="0" outState="640" width="1" height="2" positionX="77" positionY="17" flagType="" dataType="ANY_SAFENUM"/></data></addData></variable></outputVariables></block><block localId="11" height="12" width="8" typeName="ADD_S"><position x="93" y="13"/><addData><data name="http://www.phoenixcontact-software.com" handleUnknown="preserve"><fbData fbFuType="1"/></data></addData><inputVariables><variable formalParameter="IN1" hidden="true"><connectionPointIn><relPosition x="-2" y="4"/><connection refLocalId="7" formalParameter="DIV_S"><addData><data name="http://www.phoenixcontact-software.com" handleUnknown="preserve"><connectedFormalparameter refLocalId="6"/></data></addData><position x="91" y="17"/><position x="77" y="17"/></connection></connectionPointIn><addData><data name="http://www.phoenixcontact-software.com" handleUnknown="preserve"><fp localId="8" inState="640" outState="0" width="2" height="2" positionX="91" positionY="17" flagType="" dataType="ANY_SAFENUM"/></data></addData></variable><variable formalParameter="IN2" hidden="true"><connectionPointIn><relPosition x="-2" y="8"/><connection refLocalId="37"/></connectionPointIn><addData><data name="http://www.phoenixcontact-software.com" handleUnknown="preserve"><fp localId="9" inState="640" outState="0" width="2" height="2" positionX="91" positionY="21" flagType="" dataType="ANY_SAFENUM"/></data></addData></variable></inputVariables><inOutVariables/><outputVariables><variable formalParameter="ADD_S" hidden="true"><connectionPointOut><relPosition x="10" y="4"/></connectionPointOut><addData><data name="http://www.phoenixcontact-software.com" handleUnknown="preserve"><fp localId="10" inState="0" outState="640" width="1" height="2" positionX="103" positionY="17" flagType="" dataType="ANY_SAFENUM"/></data></addData></variable></outputVariables></block><block localId="16" height="12" width="8" typeName="EQ_S"><position x="21" y="33"/><addData><data name="http://www.phoenixcontact-software.com" handleUnknown="preserve"><fbData fbFuType="1"/></data></addData><inputVariables><variable formalParameter="IN1" hidden="true"><connectionPointIn><relPosition x="-2" y="4"/><connection refLocalId="22"/></connectionPointIn><addData><data name="http://www.phoenixcontact-software.com" handleUnknown="preserve"><fp localId="13" inState="640" outState="0" width="2" height="2" positionX="19" positionY="37" flagType="" dataType="SAFEELEMENTARY"/></data></addData></variable><variable formalParameter="IN2" hidden="true"><connectionPointIn><relPosition x="-2" y="8"/><connection refLocalId="25"><position x="19" y="41"/><position x="17" y="41"/><position x="14" y="41"/></connection></connectionPointIn><addData><data name="http://www.phoenixcontact-software.com" handleUnknown="preserve"><fp localId="14" inState="640" outState="0" width="2" height="2" positionX="19" positionY="41" flagType="" dataType="SAFEELEMENTARY"/></data></addData></variable></inputVariables><inOutVariables/><outputVariables><variable formalParameter="EQ_S" negated="false" hidden="true"><connectionPointOut><relPosition x="10" y="4"/></connectionPointOut><addData><data name="http://www.phoenixcontact-software.com" handleUnknown="preserve"><fp localId="15" inState="0" outState="641" width="1" height="2" positionX="31" positionY="37" flagType="" dataType="SAFEBOOL"/></data></addData></variable></outputVariables></block><block localId="21" height="16" width="12" typeName="SEL_S"><position x="46" y="33"/><addData><data name="http://www.phoenixcontact-software.com" handleUnknown="preserve"><fbData fbFuType="1"/></data></addData><inputVariables><variable formalParameter="C"><connectionPointIn><relPosition x="-2" y="4"/><connection refLocalId="16" formalParameter="EQ_S"><addData><data name="http://www.phoenixcontact-software.com" handleUnknown="preserve"><connectedFormalparameter refLocalId="15"/></data></addData><position x="44" y="37"/><position x="31" y="37"/></connection></connectionPointIn><addData><data name="http://www.phoenixcontact-software.com" handleUnknown="preserve"><fp localId="17" inState="128" outState="0" width="4" height="2" positionX="44" positionY="37" flagType="" dataType="SAFEBOOL"/></data></addData></variable><variable formalParameter="AT"><connectionPointIn><relPosition x="-2" y="8"/><connection refLocalId="24"/></connectionPointIn><addData><data name="http://www.phoenixcontact-software.com" handleUnknown="preserve"><fp localId="18" inState="128" outState="0" width="5" height="2" positionX="44" positionY="41" flagType="" dataType="SAFEELEMENTARY"/></data></addData></variable><variable formalParameter="AF"><connectionPointIn><relPosition x="-2" y="12"/><connection refLocalId="25"><position x="44" y="45"/><position x="34" y="45"/><position x="34" y="51"/><position x="17" y="51"/><position x="17" y="41"/><position x="14" y="41"/></connection></connectionPointIn><addData><data name="http://www.phoenixcontact-software.com" handleUnknown="preserve"><fp localId="19" inState="128" outState="0" width="5" height="2" positionX="44" positionY="45" flagType="" dataType="SAFEELEMENTARY"/></data></addData></variable></inputVariables><inOutVariables/><outputVariables><variable formalParameter="SEL_S"><connectionPointOut><relPosition x="14" y="4"/></connectionPointOut><addData><data name="http://www.phoenixcontact-software.com" handleUnknown="preserve"><fp localId="20" inState="0" outState="128" width="7" height="2" positionX="60" positionY="37" flagType="" dataType="SAFEELEMENTARY"/></data></addData></variable></outputVariables></block><inVariable localId="22" height="2" width="14"><position x="5" y="36"/><expression>SAFEDINT#0</expression><connectionPointOut><relPosition x="14" y="1"/></connectionPointOut></inVariable><inVariable localId="24" height="2" width="14"><position x="30" y="40"/><expression>SAFEDINT#1</expression><connectionPointOut><relPosition x="14" y="1"/></connectionPointOut></inVariable><inVariable localId="25" height="2" width="6"><position x="8" y="40"/><expression>iDiv</expression><connectionPointOut><relPosition x="6" y="1"/></connectionPointOut></inVariable><inVariable localId="35" height="2" width="12"><position x="30" y="16"/><expression>iRawValue</expression><connectionPointOut><relPosition x="12" y="1"/></connectionPointOut></inVariable><inVariable localId="36" height="2" width="7"><position x="35" y="20"/><expression>iMult</expression><connectionPointOut><relPosition x="7" y="1"/></connectionPointOut></inVariable><inVariable localId="37" height="2" width="9"><position x="82" y="20"/><expression>iOffset</expression><connectionPointOut><relPosition x="9" y="1"/></connectionPointOut></inVariable><outVariable localId="38" height="2" width="15"><position x="103" y="16"/><expression>oScaledValue</expression><connectionPointIn><relPosition x="0" y="1"/><connection refLocalId="11" formalParameter="ADD_S"><addData><data name="http://www.phoenixcontact-software.com" handleUnknown="preserve"><connectedFormalparameter refLocalId="10"/></data></addData></connection></connectionPointIn></outVariable></FBD></body></pou></pous></types></project>
