<?xml version="1.0" encoding="UTF-8"?>
<project xmlns="http://www.plcopen.org/xml/tc6.xsd" xmlns:xhtml="http://www.w3.org/1999/xhtml" xmlns:xsi="http://www.w3.org/2001/XMLSchema-instance"><fileHeader xmlns="" companyName="BrAutomation" companyURL="http://www.br-automation.com" productName="SafeDESIGNER" productVersion=" 4.3.2.11" creationDateTime="Fri May 18 10:27:32 2018
"/><contentHeader xmlns="" name="SafeLOGIC-1"><coordinateInfo><pageSize x="235" y="3499"/><fbd><scaling x="2" y="2"/></fbd><ld><scaling x="2" y="2"/></ld><sfc><scaling x="2" y="2"/></sfc></coordinateInfo><addDataInfo><info name="http://www.phoenixcontact-software.com" vendor="http://www.phoenixcontact-software.com"/></addDataInfo></contentHeader><types xmlns=""><dataTypes/><pous><pou name="SafetyRun" pouType="Programm" crc=" 0x5F062831"><interface/><body><FBD><addData><data name="http://www.phoenixcontact-software.com" handleUnknown="preserve"><line localId="36" beginX="112" beginY="72" endX="112" endY="84"/><line localId="37" beginX="112" beginY="84" endX="112" endY="92"/><line localId="38" beginX="57" beginY="44" endX="91" endY="44"/><line localId="39" beginX="30" beginY="20" endX="91" endY="20"/><line localId="40" beginX="30" beginY="32" endX="91" endY="32"/><line localId="41" beginX="30" beginY="56" endX="91" endY="56"/><line localId="52" beginX="48" beginY="110" endX="57" endY="110"/><line localId="57" beginX="70" beginY="110" endX="78" endY="110"/><line localId="58" beginX="78" beginY="110" endX="78" endY="116"/><line localId="59" beginX="78" beginY="116" endX="86" endY="116"/><line localId="62" beginX="23" beginY="110" endX="29" endY="110"/><line localId="63" beginX="29" beginY="110" endX="32" endY="110"/><line localId="64" beginX="29" beginY="120" endX="86" endY="120"/><line localId="65" beginX="29" beginY="110" endX="29" endY="120"/><line localId="66" beginX="99" beginY="116" endX="103" endY="116"/><line localId="69" beginX="23" beginY="124" endX="86" endY="124"/><line localId="76" beginX="9" beginY="72" endX="10" endY="72"/><line localId="77" beginX="10" beginY="86" endX="12" endY="86"/><line localId="78" beginX="10" beginY="72" endX="10" endY="86"/><line localId="83" beginX="58" beginY="76" endX="58" endY="86"/><line localId="84" beginX="73" beginY="72" endX="76" endY="72"/><line localId="85" beginX="73" beginY="84" endX="75" endY="84"/><line localId="86" beginX="73" beginY="72" endX="73" endY="84"/><line localId="87" beginX="73" beginY="92" endX="91" endY="92"/><line localId="88" beginX="73" beginY="84" endX="73" endY="92"/><line localId="89" beginX="56" beginY="72" endX="59" endY="72"/><line localId="90" beginX="58" beginY="76" endX="59" endY="76"/><line localId="91" beginX="71" beginY="72" endX="73" endY="72"/></data></addData><contact localId="0" height="2" width="21" negated="true"><position x="9" y="19"/><connectionPointIn><relPosition x="0" y="1"/><connection refLocalId="1"/></connectionPointIn><connectionPointOut><relPosition x="21" y="1"/></connectionPointOut><variable>mRun</variable><addData><data name="http://www.phoenixcontact-software.com" handleUnknown="preserve"><contactData contactWidth="9"/></data></addData></contact><leftPowerRail localId="1" height="0" width="2"><position x="7" y="20"/><connectionPointOut><relPosition x="2" y="0"/></connectionPointOut></leftPowerRail><coil localId="2" height="2" width="21" negated="false"><position x="91" y="19"/><connectionPointIn><relPosition x="0" y="1"/><connection refLocalId="0"><position x="91" y="20"/><position x="30" y="20"/></connection></connectionPointIn><connectionPointOut><relPosition x="21" y="1"/></connectionPointOut><variable>oFirstCycle</variable><addData><data name="http://www.phoenixcontact-software.com" handleUnknown="preserve"><contactData contactWidth="9"/></data></addData></coil><rightPowerRail localId="3" height="0" width="2"><position x="112" y="20"/><connectionPointIn><relPosition x="0" y="0"/><connection refLocalId="2"/></connectionPointIn></rightPowerRail><contact localId="4" height="2" width="21" negated="false"><position x="9" y="31"/><connectionPointIn><relPosition x="0" y="1"/><connection refLocalId="5"/></connectionPointIn><connectionPointOut><relPosition x="21" y="1"/></connectionPointOut><variable>SAFETRUE</variable><addData><data name="http://www.phoenixcontact-software.com" handleUnknown="preserve"><contactData contactWidth="9"/></data></addData></contact><leftPowerRail localId="5" height="0" width="2"><position x="7" y="32"/><connectionPointOut><relPosition x="2" y="0"/></connectionPointOut></leftPowerRail><coil localId="6" height="2" width="21" negated="false"><position x="91" y="31"/><connectionPointIn><relPosition x="0" y="1"/><connection refLocalId="4"><position x="91" y="32"/><position x="30" y="32"/></connection></connectionPointIn><connectionPointOut><relPosition x="21" y="1"/></connectionPointOut><variable>oSafetyRun</variable><addData><data name="http://www.phoenixcontact-software.com" handleUnknown="preserve"><contactData contactWidth="9"/></data></addData></coil><rightPowerRail localId="7" height="0" width="2"><position x="112" y="32"/><connectionPointIn><relPosition x="0" y="0"/><connection refLocalId="6"/></connectionPointIn></rightPowerRail><contact localId="8" height="2" width="21" negated="false"><position x="9" y="43"/><connectionPointIn><relPosition x="0" y="1"/><connection refLocalId="14"/></connectionPointIn><connectionPointOut><relPosition x="21" y="1"/></connectionPointOut><variable>oSafetyRun</variable><addData><data name="http://www.phoenixcontact-software.com" handleUnknown="preserve"><contactData contactWidth="9"/></data></addData></contact><block localId="11" height="8" width="23" typeName="SAFEBOOL_TO_BOOL"><position x="32" y="40"/><addData><data name="http://www.phoenixcontact-software.com" handleUnknown="preserve"><fbData fbFuType="1"/></data></addData><inputVariables><variable formalParameter="IN" hidden="true"><connectionPointIn><relPosition x="-2" y="4"/><connection refLocalId="8"/></connectionPointIn><addData><data name="http://www.phoenixcontact-software.com" handleUnknown="preserve"><fp localId="9" inState="640" outState="0" width="2" height="2" positionX="30" positionY="44" flagType="" dataType="SAFEBOOL"/></data></addData></variable></inputVariables><inOutVariables/><outputVariables><variable formalParameter="SAFEBOOL_TO_BOOL" hidden="true"><connectionPointOut><relPosition x="25" y="4"/></connectionPointOut><addData><data name="http://www.phoenixcontact-software.com" handleUnknown="preserve"><fp localId="10" inState="0" outState="640" width="1" height="2" positionX="57" positionY="44" flagType="" dataType="BOOL"/></data></addData></variable></outputVariables></block><coil localId="12" height="2" width="21" negated="false"><position x="91" y="43"/><connectionPointIn><relPosition x="0" y="1"/><connection refLocalId="11" formalParameter="SAFEBOOL_TO_BOOL"><addData><data name="http://www.phoenixcontact-software.com" handleUnknown="preserve"><connectedFormalparameter refLocalId="10"/></data></addData><position x="91" y="44"/><position x="57" y="44"/></connection></connectionPointIn><connectionPointOut><relPosition x="21" y="1"/></connectionPointOut><variable>oRun</variable><addData><data name="http://www.phoenixcontact-software.com" handleUnknown="preserve"><contactData contactWidth="9"/></data></addData></coil><rightPowerRail localId="13" height="0" width="2"><position x="112" y="44"/><connectionPointIn><relPosition x="0" y="0"/><connection refLocalId="12"/></connectionPointIn></rightPowerRail><leftPowerRail localId="14" height="0" width="2"><position x="7" y="44"/><connectionPointOut><relPosition x="2" y="0"/></connectionPointOut></leftPowerRail><contact localId="15" height="2" width="21" negated="false"><position x="9" y="55"/><connectionPointIn><relPosition x="0" y="1"/><connection refLocalId="16"/></connectionPointIn><connectionPointOut><relPosition x="21" y="1"/></connectionPointOut><variable>SAFETRUE</variable><addData><data name="http://www.phoenixcontact-software.com" handleUnknown="preserve"><contactData contactWidth="9"/></data></addData></contact><leftPowerRail localId="16" height="0" width="2"><position x="7" y="56"/><connectionPointOut><relPosition x="2" y="0"/></connectionPointOut></leftPowerRail><coil localId="17" height="2" width="21" negated="false"><position x="91" y="55"/><connectionPointIn><relPosition x="0" y="1"/><connection refLocalId="15"><position x="91" y="56"/><position x="30" y="56"/></connection></connectionPointIn><connectionPointOut><relPosition x="21" y="1"/></connectionPointOut><variable>mRun</variable><addData><data name="http://www.phoenixcontact-software.com" handleUnknown="preserve"><contactData contactWidth="9"/></data></addData></coil><rightPowerRail localId="18" height="0" width="2"><position x="112" y="56"/><connectionPointIn><relPosition x="0" y="0"/><connection refLocalId="17"/></connectionPointIn></rightPowerRail><coil localId="20" height="2" width="21" negated="false"><position x="91" y="71"/><connectionPointIn><relPosition x="0" y="1"/><connection refLocalId="30" formalParameter="Q"><addData><data name="http://www.phoenixcontact-software.com" handleUnknown="preserve"><connectedFormalparameter refLocalId="28"/></data></addData></connection></connectionPointIn><connectionPointOut><relPosition x="21" y="1"/></connectionPointOut><variable>oResetPosEdge</variable><addData><data name="http://www.phoenixcontact-software.com" handleUnknown="preserve"><contactData contactWidth="9"/></data></addData></coil><contact localId="21" height="2" width="21" negated="false"><position x="10" y="71"/><connectionPointIn><relPosition x="0" y="1"/><connection refLocalId="23"><position x="10" y="72"/><position x="9" y="72"/></connection></connectionPointIn><connectionPointOut><relPosition x="21" y="1"/></connectionPointOut><variable>iReset</variable><addData><data name="http://www.phoenixcontact-software.com" handleUnknown="preserve"><contactData contactWidth="9"/></data></addData></contact><coil localId="22" height="2" width="21" negated="false"><position x="91" y="91"/><connectionPointIn><relPosition x="0" y="1"/><connection refLocalId="82" formalParameter="OR_S"><addData><data name="http://www.phoenixcontact-software.com" handleUnknown="preserve"><connectedFormalparameter refLocalId="81"/></data></addData><position x="91" y="92"/><position x="73" y="92"/><position x="73" y="84"/><position x="73" y="72"/><position x="71" y="72"/></connection></connectionPointIn><connectionPointOut><relPosition x="21" y="1"/></connectionPointOut><variable>oReset</variable><addData><data name="http://www.phoenixcontact-software.com" handleUnknown="preserve"><contactData contactWidth="9"/></data></addData></coil><leftPowerRail localId="23" height="0" width="2"><position x="7" y="72"/><connectionPointOut><relPosition x="2" y="0"/></connectionPointOut></leftPowerRail><rightPowerRail localId="24" height="0" width="2"><position x="112" y="72"/><connectionPointIn><relPosition x="0" y="0"/><connection refLocalId="20"/><connection refLocalId="35"><position x="112" y="72"/><position x="112" y="84"/></connection><connection refLocalId="22"><position x="112" y="72"/><position x="112" y="84"/><position x="112" y="92"/></connection></connectionPointIn></rightPowerRail><block localId="29" height="8" width="21" typeName="BOOL_TO_SAFEBOOL"><position x="33" y="68"/><addData><data name="http://www.phoenixcontact-software.com" handleUnknown="preserve"><fbData fbFuType="1"/></data></addData><inputVariables><variable formalParameter="IN" hidden="true"><connectionPointIn><relPosition x="-2" y="4"/><connection refLocalId="21"/></connectionPointIn><addData><data name="http://www.phoenixcontact-software.com" handleUnknown="preserve"><fp localId="25" inState="640" outState="0" width="2" height="2" positionX="31" positionY="72" flagType="" dataType="BOOL"/></data></addData></variable></inputVariables><inOutVariables/><outputVariables><variable formalParameter="BOOL_TO_SAFEBOOL" hidden="true"><connectionPointOut><relPosition x="23" y="4"/></connectionPointOut><addData><data name="http://www.phoenixcontact-software.com" handleUnknown="preserve"><fp localId="26" inState="0" outState="640" width="1" height="2" positionX="56" positionY="72" flagType="" dataType="SAFEBOOL"/></data></addData></variable></outputVariables></block><block localId="30" height="8" width="11" typeName="R_TRIG_S" instanceName="R_TRIG_S_1"><position x="78" y="68"/><addData><data name="http://www.phoenixcontact-software.com" handleUnknown="preserve"><fbData fbFuType="0"/></data></addData><inputVariables><variable formalParameter="CLK"><connectionPointIn><relPosition x="-2" y="4"/><connection refLocalId="82" formalParameter="OR_S"><addData><data name="http://www.phoenixcontact-software.com" handleUnknown="preserve"><connectedFormalparameter refLocalId="81"/></data></addData><position x="76" y="72"/><position x="73" y="72"/><position x="71" y="72"/></connection></connectionPointIn><addData><data name="http://www.phoenixcontact-software.com" handleUnknown="preserve"><fp localId="27" inState="128" outState="0" width="6" height="2" positionX="76" positionY="72" flagType="" dataType="SAFEBOOL"/></data></addData></variable></inputVariables><inOutVariables/><outputVariables><variable formalParameter="Q"><connectionPointOut><relPosition x="13" y="4"/></connectionPointOut><addData><data name="http://www.phoenixcontact-software.com" handleUnknown="preserve"><fp localId="28" inState="0" outState="128" width="3" height="2" positionX="91" positionY="72" flagType="" dataType="SAFEBOOL"/></data></addData></variable></outputVariables></block><block localId="33" height="8" width="12" typeName="F_TRIG_S" instanceName="F_TRIG_S_1"><position x="77" y="80"/><addData><data name="http://www.phoenixcontact-software.com" handleUnknown="preserve"><fbData fbFuType="0"/></data></addData><inputVariables><variable formalParameter="CLK"><connectionPointIn><relPosition x="-2" y="4"/><connection refLocalId="82" formalParameter="OR_S"><addData><data name="http://www.phoenixcontact-software.com" handleUnknown="preserve"><connectedFormalparameter refLocalId="81"/></data></addData><position x="75" y="84"/><position x="73" y="84"/><position x="73" y="72"/><position x="71" y="72"/></connection></connectionPointIn><addData><data name="http://www.phoenixcontact-software.com" handleUnknown="preserve"><fp localId="31" inState="128" outState="0" width="7" height="2" positionX="75" positionY="84" flagType="" dataType="SAFEBOOL"/></data></addData></variable></inputVariables><inOutVariables/><outputVariables><variable formalParameter="Q"><connectionPointOut><relPosition x="14" y="4"/></connectionPointOut><addData><data name="http://www.phoenixcontact-software.com" handleUnknown="preserve"><fp localId="32" inState="0" outState="128" width="3" height="2" positionX="91" positionY="84" flagType="" dataType="SAFEBOOL"/></data></addData></variable></outputVariables></block><coil localId="35" height="2" width="21" negated="false"><position x="91" y="83"/><connectionPointIn><relPosition x="0" y="1"/><connection refLocalId="33" formalParameter="Q"><addData><data name="http://www.phoenixcontact-software.com" handleUnknown="preserve"><connectedFormalparameter refLocalId="32"/></data></addData></connection></connectionPointIn><connectionPointOut><relPosition x="21" y="1"/></connectionPointOut><variable>oResetNegEdge</variable><addData><data name="http://www.phoenixcontact-software.com" handleUnknown="preserve"><contactData contactWidth="9"/></data></addData></coil><block localId="44" height="8" width="12" typeName="R_TRIG_S" instanceName="R_TRIG_S_SetupMode"><position x="34" y="106"/><addData><data name="http://www.phoenixcontact-software.com" handleUnknown="preserve"><fbData fbFuType="0"/></data></addData><inputVariables><variable formalParameter="CLK"><connectionPointIn><relPosition x="-2" y="4"/><connection refLocalId="61"><position x="32" y="110"/><position x="29" y="110"/><position x="23" y="110"/></connection></connectionPointIn><addData><data name="http://www.phoenixcontact-software.com" handleUnknown="preserve"><fp localId="42" inState="128" outState="0" width="7" height="2" positionX="32" positionY="110" flagType="" dataType="SAFEBOOL"/></data></addData></variable></inputVariables><inOutVariables/><outputVariables><variable formalParameter="Q"><connectionPointOut><relPosition x="14" y="4"/></connectionPointOut><addData><data name="http://www.phoenixcontact-software.com" handleUnknown="preserve"><fp localId="43" inState="0" outState="128" width="3" height="2" positionX="48" positionY="110" flagType="" dataType="SAFEBOOL"/></data></addData></variable></outputVariables></block><block localId="50" height="12" width="9" typeName="TOF_S" instanceName="TOF_S_SetupMode"><position x="59" y="106"/><addData><data name="http://www.phoenixcontact-software.com" handleUnknown="preserve"><fbData fbFuType="0"/></data></addData><inputVariables><variable formalParameter="IN" negated="false"><connectionPointIn><relPosition x="-2" y="4"/><connection refLocalId="44" formalParameter="Q"><addData><data name="http://www.phoenixcontact-software.com" handleUnknown="preserve"><connectedFormalparameter refLocalId="43"/></data></addData><position x="57" y="110"/><position x="48" y="110"/></connection></connectionPointIn><addData><data name="http://www.phoenixcontact-software.com" handleUnknown="preserve"><fp localId="46" inState="129" outState="0" width="5" height="2" positionX="57" positionY="110" flagType="" dataType="SAFEBOOL"/></data></addData></variable><variable formalParameter="PT"><connectionPointIn><relPosition x="-2" y="10"/><connection refLocalId="70"/></connectionPointIn><addData><data name="http://www.phoenixcontact-software.com" handleUnknown="preserve"><fp localId="47" inState="128" outState="0" width="5" height="2" positionX="57" positionY="116" flagType="" dataType="SAFETIME"/></data></addData></variable></inputVariables><inOutVariables/><outputVariables><variable formalParameter="Q" negated="false"><connectionPointOut><relPosition x="11" y="4"/></connectionPointOut><addData><data name="http://www.phoenixcontact-software.com" handleUnknown="preserve"><fp localId="48" inState="0" outState="129" width="3" height="2" positionX="70" positionY="110" flagType="" dataType="SAFEBOOL"/></data></addData></variable><variable formalParameter="ET"><connectionPointOut><relPosition x="11" y="8"/></connectionPointOut><addData><data name="http://www.phoenixcontact-software.com" handleUnknown="preserve"><fp localId="49" inState="0" outState="128" width="4" height="2" positionX="70" positionY="114" flagType="" dataType="SAFETIME"/></data></addData></variable></outputVariables></block><block localId="56" height="16" width="9" typeName="AND_S"><position x="88" y="112"/><addData><data name="http://www.phoenixcontact-software.com" handleUnknown="preserve"><fbData fbFuType="1"/></data></addData><inputVariables><variable formalParameter="IN1" negated="false" hidden="true"><connectionPointIn><relPosition x="-2" y="4"/><connection refLocalId="50" formalParameter="Q"><addData><data name="http://www.phoenixcontact-software.com" handleUnknown="preserve"><connectedFormalparameter refLocalId="48"/></data></addData><position x="86" y="116"/><position x="78" y="116"/><position x="78" y="110"/><position x="70" y="110"/></connection></connectionPointIn><addData><data name="http://www.phoenixcontact-software.com" handleUnknown="preserve"><fp localId="53" inState="1665" outState="0" width="2" height="2" positionX="86" positionY="116" flagType="" dataType="ANY_SAFEBIT"/></data></addData></variable><variable formalParameter="IN2" negated="false" hidden="true"><connectionPointIn><relPosition x="-2" y="8"/><connection refLocalId="61"><position x="86" y="120"/><position x="29" y="120"/><position x="29" y="110"/><position x="23" y="110"/></connection></connectionPointIn><addData><data name="http://www.phoenixcontact-software.com" handleUnknown="preserve"><fp localId="54" inState="1665" outState="0" width="2" height="2" positionX="86" positionY="120" flagType="" dataType="ANY_SAFEBIT"/></data></addData></variable><variable formalParameter="IN3" negated="false" hidden="true"><connectionPointIn><relPosition x="-2" y="12"/><connection refLocalId="68"><position x="86" y="124"/><position x="23" y="124"/></connection></connectionPointIn><addData><data name="http://www.phoenixcontact-software.com" handleUnknown="preserve"><fp localId="67" inState="1665" outState="0" width="2" height="2" positionX="86" positionY="124" flagType="" dataType="ANY_SAFEBIT"/></data></addData></variable></inputVariables><inOutVariables/><outputVariables><variable formalParameter="AND_S" negated="false" hidden="true"><connectionPointOut><relPosition x="11" y="4"/></connectionPointOut><addData><data name="http://www.phoenixcontact-software.com" handleUnknown="preserve"><fp localId="55" inState="0" outState="643" width="1" height="2" positionX="99" positionY="116" flagType="" dataType="ANY_SAFEBIT"/></data></addData></variable></outputVariables></block><outVariable localId="60" height="2" width="22"><position x="103" y="115"/><expression>oSetupModeActive</expression><connectionPointIn><relPosition x="0" y="1"/><connection refLocalId="56" formalParameter="AND_S"><addData><data name="http://www.phoenixcontact-software.com" handleUnknown="preserve"><connectedFormalparameter refLocalId="55"/></data></addData><position x="103" y="116"/><position x="99" y="116"/></connection></connectionPointIn></outVariable><inVariable localId="61" height="2" width="9"><position x="14" y="109"/><expression>iSetup</expression><connectionPointOut><relPosition x="9" y="1"/></connectionPointOut></inVariable><inVariable localId="68" height="2" width="17"><position x="6" y="123"/><expression>iSetupNotHalt</expression><connectionPointOut><relPosition x="17" y="1"/></connectionPointOut></inVariable><inVariable localId="70" height="2" width="18"><position x="39" y="115"/><expression>iMaxTimeSetup</expression><connectionPointOut><relPosition x="18" y="1"/></connectionPointOut></inVariable><comment localId="71" height="8" width="68"><position x="7" y="3"/><content><html xmlns="http://www.w3.org/1999/xhtml"><head><title/></head><body><p style="color:#000000;font-family:Arial;font-weight:normal;font-style:normal;font-size:16pt;">Der FUB liefert FirstCylce == TRUE nur nach dem ersten Aufruf!&lt;br /&gt;Der FUB liefert Run == TRUE nach jedem Aufruf!</p></body></html></content></comment><contact localId="72" height="2" width="21" negated="false"><position x="37" y="85"/><connectionPointIn><relPosition x="0" y="1"/><connection refLocalId="75" formalParameter="BOOL_TO_SAFEBOOL"><addData><data name="http://www.phoenixcontact-software.com" handleUnknown="preserve"><connectedFormalparameter refLocalId="74"/></data></addData></connection></connectionPointIn><connectionPointOut><relPosition x="21" y="1"/></connectionPointOut><variable>iResetSafe</variable><addData><data name="http://www.phoenixcontact-software.com" handleUnknown="preserve"><contactData contactWidth="9"/></data></addData></contact><block localId="75" height="8" width="21" typeName="BOOL_TO_SAFEBOOL"><position x="14" y="82"/><addData><data name="http://www.phoenixcontact-software.com" handleUnknown="preserve"><fbData fbFuType="1"/></data></addData><inputVariables><variable formalParameter="IN" hidden="true"><connectionPointIn><relPosition x="-2" y="4"/><connection refLocalId="23"><position x="12" y="86"/><position x="10" y="86"/><position x="10" y="72"/><position x="9" y="72"/></connection></connectionPointIn><addData><data name="http://www.phoenixcontact-software.com" handleUnknown="preserve"><fp localId="73" inState="640" outState="0" width="2" height="2" positionX="12" positionY="86" flagType="" dataType="BOOL"/></data></addData></variable></inputVariables><inOutVariables/><outputVariables><variable formalParameter="BOOL_TO_SAFEBOOL" hidden="true"><connectionPointOut><relPosition x="23" y="4"/></connectionPointOut><addData><data name="http://www.phoenixcontact-software.com" handleUnknown="preserve"><fp localId="74" inState="0" outState="640" width="1" height="2" positionX="37" positionY="86" flagType="" dataType="SAFEBOOL"/></data></addData></variable></outputVariables></block><block localId="82" height="12" width="8" typeName="OR_S"><position x="61" y="68"/><addData><data name="http://www.phoenixcontact-software.com" handleUnknown="preserve"><fbData fbFuType="1"/></data></addData><inputVariables><variable formalParameter="IN1" negated="false" hidden="true"><connectionPointIn><relPosition x="-2" y="4"/><connection refLocalId="29" formalParameter="BOOL_TO_SAFEBOOL"><addData><data name="http://www.phoenixcontact-software.com" handleUnknown="preserve"><connectedFormalparameter refLocalId="26"/></data></addData><position x="59" y="72"/><position x="56" y="72"/></connection></connectionPointIn><addData><data name="http://www.phoenixcontact-software.com" handleUnknown="preserve"><fp localId="79" inState="1665" outState="0" width="2" height="2" positionX="59" positionY="72" flagType="" dataType="ANY_SAFEBIT"/></data></addData></variable><variable formalParameter="IN2" negated="false" hidden="true"><connectionPointIn><relPosition x="-2" y="8"/><connection refLocalId="72"><position x="59" y="76"/><position x="58" y="76"/><position x="58" y="86"/></connection></connectionPointIn><addData><data name="http://www.phoenixcontact-software.com" handleUnknown="preserve"><fp localId="80" inState="1665" outState="0" width="2" height="2" positionX="59" positionY="76" flagType="" dataType="ANY_SAFEBIT"/></data></addData></variable></inputVariables><inOutVariables/><outputVariables><variable formalParameter="OR_S" negated="false" hidden="true"><connectionPointOut><relPosition x="10" y="4"/></connectionPointOut><addData><data name="http://www.phoenixcontact-software.com" handleUnknown="preserve"><fp localId="81" inState="0" outState="641" width="1" height="2" positionX="71" positionY="72" flagType="" dataType="ANY_SAFEBIT"/></data></addData></variable></outputVariables></block></FBD></body></pou></pous></types></project>
